Sample_ID,Label,Label_Name,Raw_Mean,Raw_Std,Processed_Mean,Processed_Std
0,4,Eyes closed,-16.910112359550563,95.71095771033781,5.98771968337163e-17,0.9999999998945646
1,1,Seizure activity (ictal),28.1123595505618,471.83582267045676,-2.993859841685815e-17,0.999999999978826
2,5,Eyes open,-44.04494382022472,44.18638005426802,0.0,0.999999999785061
3,5,Eyes open,-68.91011235955057,15.923722991811921,7.983626244495507e-17,0.9999999993653959
4,5,Eyes open,-6.651685393258427,38.69300117406349,7.983626244495507e-17,0.9999999997316368
5,5,Eyes open,14.48876404494382,48.94301189219107,-4.989766402809692e-18,0.999999999719971
6,4,Eyes closed,13.98876404494382,64.88329962619447,3.991813122247754e-17,0.9999999998781902
7,2,Tumor area,-32.54494382022472,37.104781821021504,2.993859841685815e-17,0.9999999997233053
8,1,Seizure activity (ictal),-31.685393258426966,151.79880945082553,3.991813122247754e-17,0.9999999999338278
9,4,Eyes closed,4.033707865168539,30.689254217950346,3.991813122247754e-17,0.9999999996891366
10,5,Eyes open,-23.48314606741573,34.97466574586302,2.993859841685815e-17,0.9999999997201566
11,1,Seizure activity (ictal),43.47752808988764,297.3865604712927,0.0,0.9999999999664141
12,3,Healthy brain area,-59.95505617977528,81.93576685529577,-3.991813122247754e-17,0.9999999999055964
13,4,Eyes closed,-11.48314606741573,68.691725023699,0.0,0.999999999864272
14,2,Tumor area,-24.94943820224719,33.94448085599866,1.247441600702423e-18,0.9999999996696605
15,3,Healthy brain area,-12.376404494382022,53.270234373601234,7.983626244495507e-17,0.9999999998376267
16,2,Tumor area,30.758426966292134,26.310442703960227,6.985672963933569e-17,0.9999999996087576
17,3,Healthy brain area,-1.595505617977528,35.10968978614283,0.0,0.9999999996975174
18,4,Eyes closed,6.932584269662922,34.78175866770079,-6.4866963236526e-17,0.999999999722121
19,2,Tumor area,-18.84269662921348,79.62473768343075,-1.995906561123877e-17,0.9999999998743664
20,1,Seizure activity (ictal),24.634831460674157,558.604447216177,1.995906561123877e-17,0.9999999999829912
21,2,Tumor area,-20.853932584269664,34.79540540565334,-5.98771968337163e-17,0.9999999997526169
22,1,Seizure activity (ictal),-67.46067415730337,139.0646164723496,-3.742324802107269e-17,0.9999999999342484
23,1,Seizure activity (ictal),10.314606741573034,137.32877760116276,-3.991813122247754e-17,0.999999999923551
24,1,Seizure activity (ictal),45.758426966292134,434.63256218831503,0.0,0.999999999980272
25,3,Healthy brain area,23.825842696629213,20.413919177854474,5.98771968337163e-17,0.999999999495866
26,5,Eyes open,-50.252808988764045,23.802042164711533,7.983626244495507e-17,0.9999999996310824
27,1,Seizure activity (ictal),-51.59550561797753,226.8407954858527,2.993859841685815e-17,0.9999999999562277
28,2,Tumor area,-16.59550561797753,63.3923433332739,-2.993859841685815e-17,0.9999999998345785
29,2,Tumor area,-15.691011235955056,38.67685235339305,0.0,0.9999999997642023
30,1,Seizure activity (ictal),-4.46067415730337,175.52092971519048,0.0,0.999999999943226
31,2,Tumor area,-46.20786516853933,27.2160838299341,-7.983626244495507e-17,0.9999999997071473
32,4,Eyes closed,2.747191011235955,37.96032994341531,-3.991813122247754e-17,0.9999999997317673
33,5,Eyes open,-12.887640449438202,44.379729708947785,-9.979532805619384e-18,0.9999999997673684
34,5,Eyes open,7.544943820224719,35.015096298840426,-9.979532805619384e-18,0.999999999702429
35,3,Healthy brain area,33.28089887640449,104.27642485823195,3.991813122247754e-17,0.9999999999073632
36,4,Eyes closed,14.230337078651685,40.12883438781371,0.0,0.9999999997681912
37,3,Healthy brain area,-4.387640449438202,42.023017556392595,7.983626244495507e-17,0.9999999998063873
38,5,Eyes open,7.033707865168539,41.954349036848,-4.802650162704329e-17,0.9999999997701525
39,3,Healthy brain area,0.1404494382022472,45.633585155891794,1.2786276407199837e-17,0.9999999997603877
40,5,Eyes open,0.5786516853932584,40.07180345192755,0.0,0.9999999998071748
41,2,Tumor area,11.196629213483146,25.094665485493316,3.991813122247754e-17,0.999999999533802
42,1,Seizure activity (ictal),-4.0,533.3327691944583,3.991813122247754e-17,0.9999999999857545
43,4,Eyes closed,-20.134831460674157,81.52413181180296,7.983626244495507e-17,0.9999999998877743
44,3,Healthy brain area,-27.578651685393258,22.117332528631195,3.991813122247754e-17,0.9999999996559177
45,2,Tumor area,36.58426966292135,52.1138142933037,-3.991813122247754e-17,0.9999999998047487
46,4,Eyes closed,4.803370786516854,49.49123846972322,-3.991813122247754e-17,0.9999999998036079
47,2,Tumor area,-7.382022471910112,23.092148389829863,-3.991813122247754e-17,0.9999999994827358
48,5,Eyes open,-5.803370786516854,44.13743334569494,0.0,0.9999999997666189
49,3,Healthy brain area,-7.213483146067416,53.27582918649078,4.989766402809692e-18,0.9999999998244996
50,5,Eyes open,-16.174157303370787,30.484072201688008,-1.4969299208429077e-17,0.999999999643543
51,3,Healthy brain area,-8.320224719101123,83.39127844863523,-3.991813122247754e-17,0.9999999998755623
52,1,Seizure activity (ictal),113.48876404494382,446.3151911751977,1.197543936674326e-16,0.9999999999823429
53,3,Healthy brain area,-36.325842696629216,73.8999893997193,0.0,0.999999999778925
54,3,Healthy brain area,13.606741573033707,45.862916888946664,4.2413014423882384e-17,0.9999999997804108
55,5,Eyes open,40.38202247191011,58.13535264682138,-7.983626244495507e-17,0.9999999998331776
56,3,Healthy brain area,-10.258426966292134,46.800683777269185,-1.995906561123877e-17,0.9999999997877894
57,5,Eyes open,10.713483146067416,24.956635158400083,-3.4928364819667845e-17,0.9999999995801917
58,1,Seizure activity (ictal),-27.55056179775281,132.81553578037548,0.0,0.999999999928901
59,3,Healthy brain area,-7.646067415730337,26.485389468937356,-3.991813122247754e-17,0.9999999996867133
60,3,Healthy brain area,-40.96629213483146,40.87991442145725,0.0,0.999999999746872
61,3,Healthy brain area,18.623595505617978,41.57339394013379,9.979532805619384e-18,0.9999999996874366
62,4,Eyes closed,-57.41011235955056,58.25732638488884,0.0,0.9999999998533491
63,5,Eyes open,-1.4606741573033708,25.3736376419693,1.995906561123877e-17,0.9999999996177812
64,5,Eyes open,-72.29213483146067,23.19831563393091,0.0,0.9999999996179029
65,1,Seizure activity (ictal),-19.96067415730337,157.14386746765393,3.991813122247754e-17,0.9999999999360473
66,4,Eyes closed,-4.449438202247191,53.443136058985296,7.983626244495507e-17,0.9999999998224164
67,2,Tumor area,-53.03932584269663,100.54879537434005,3.991813122247754e-17,0.9999999998855448
68,1,Seizure activity (ictal),9.97191011235955,260.5694591297739,-2.494883201404846e-17,0.9999999999600826
69,3,Healthy brain area,-17.46067415730337,88.16016529937389,0.0,0.9999999998776097
70,4,Eyes closed,-50.747191011235955,82.04772602602809,-7.484649604214538e-18,0.9999999998801512
71,3,Healthy brain area,-71.14044943820225,59.6893403599587,0.0,0.9999999998354442
72,4,Eyes closed,2.9719101123595504,52.655487221691516,-1.995906561123877e-17,0.9999999998131046
73,4,Eyes closed,-6.258426966292135,72.0274648131753,3.991813122247754e-17,0.999999999881325
74,3,Healthy brain area,23.685393258426966,21.57484777017029,2.993859841685815e-17,0.9999999994887682
75,3,Healthy brain area,-4.842696629213483,56.41965528821096,0.0,0.9999999998558605
76,4,Eyes closed,-14.634831460674157,120.80630945752328,-1.5967252488991015e-16,0.9999999999282071
77,4,Eyes closed,7.056179775280899,48.075165760858,7.983626244495507e-17,0.9999999998558111
78,4,Eyes closed,-49.325842696629216,63.57138344278177,0.0,0.9999999998419585
79,4,Eyes closed,-1.5561797752808988,31.992971331518525,-2.993859841685815e-17,0.9999999997396251
80,4,Eyes closed,-54.92134831460674,67.9531769923275,-3.991813122247754e-17,0.9999999998582175
81,1,Seizure activity (ictal),-49.741573033707866,164.70296915041865,1.995906561123877e-17,0.9999999999388474
82,1,Seizure activity (ictal),6.033707865168539,409.7709952237971,0.0,0.9999999999761695
83,2,Tumor area,-24.10674157303371,17.827036012140642,1.4345578408077867e-17,0.9999999994504731
84,2,Tumor area,64.46629213483146,172.13853673733828,-7.983626244495507e-17,0.9999999999300596
85,5,Eyes open,25.370786516853933,56.098405117122205,-3.991813122247754e-17,0.9999999998182967
86,1,Seizure activity (ictal),-40.09550561797753,182.61304604694075,0.0,0.9999999999543656
87,4,Eyes closed,51.51123595505618,42.06605810555383,1.197543936674326e-16,0.9999999997191926
88,3,Healthy brain area,-34.02247191011236,38.8863158762692,7.983626244495507e-17,0.9999999997464478
89,4,Eyes closed,-54.46067415730337,67.09393987600399,3.991813122247754e-17,0.9999999998656964
90,2,Tumor area,-4.370786516853933,30.289569540964045,-1.7464182409833923e-17,0.9999999996900426
91,4,Eyes closed,-43.09550561797753,73.4520930933934,0.0,0.9999999998735624
92,3,Healthy brain area,-18.696629213483146,83.19915250410814,-7.983626244495507e-17,0.9999999998800825
93,5,Eyes open,-8.814606741573034,36.20221624155632,-3.991813122247754e-17,0.9999999997187979
94,2,Tumor area,24.50561797752809,24.08161385251618,2.993859841685815e-17,0.9999999995315257
95,3,Healthy brain area,-8.359550561797754,34.13316525879957,3.991813122247754e-17,0.9999999996935233
96,4,Eyes closed,-41.60112359550562,90.79618736041162,5.98771968337163e-17,0.9999999998926018
97,3,Healthy brain area,-33.96629213483146,51.3869325929065,-3.991813122247754e-17,0.9999999998394813
98,5,Eyes open,8.634831460674157,44.45495536419161,5.4887430430906614e-17,0.9999999997788328
99,4,Eyes closed,-10.52247191011236,54.015728572476945,0.0,0.9999999998172284
100,1,Seizure activity (ictal),-25.264044943820224,515.3059121427352,-4.989766402809692e-17,0.9999999999813797
101,4,Eyes closed,49.19662921348315,34.209870937153134,0.0,0.9999999996797422
102,4,Eyes closed,8.196629213483146,64.66665248560481,-1.995906561123877e-17,0.9999999998467153
103,2,Tumor area,-51.2752808988764,174.501432839743,-1.995906561123877e-17,0.999999999932105
104,5,Eyes open,11.724719101123595,43.506393126742005,1.995906561123877e-17,0.999999999705161
105,1,Seizure activity (ictal),20.8876404494382,238.74971325130127,0.0,0.9999999999545346
106,3,Healthy brain area,-65.09550561797752,13.582741942514211,1.995906561123877e-17,0.9999999992621962
107,4,Eyes closed,-41.51685393258427,49.50079158589637,0.0,0.9999999997987223
108,3,Healthy brain area,32.949438202247194,114.26390075845613,-1.995906561123877e-17,0.9999999998994372
109,3,Healthy brain area,13.898876404494382,41.77401615482794,0.0,0.9999999997464998
110,3,Healthy brain area,29.89325842696629,60.56740009733944,1.995906561123877e-17,0.9999999998427225
111,4,Eyes closed,-84.08988764044943,40.422248976855876,1.995906561123877e-17,0.9999999997422626
112,2,Tumor area,-8.224719101123595,22.50231089705261,-7.983626244495507e-17,0.99999999964028
113,1,Seizure activity (ictal),14.348314606741573,158.76982145554177,0.0,0.9999999999433312
114,4,Eyes closed,11.685393258426966,62.16127908999118,0.0,0.9999999998488187
115,2,Tumor area,-9.320224719101123,21.45792161299648,3.991813122247754e-17,0.9999999995951004
116,2,Tumor area,-2.162921348314607,43.58333585786467,-3.991813122247754e-17,0.9999999997693713
117,2,Tumor area,18.45505617977528,38.75072601345526,1.995906561123877e-17,0.9999999997684421
118,2,Tumor area,-10.224719101123595,27.756061311501625,4.2413014423882384e-17,0.99999999966414
119,2,Tumor area,-4.786516853932584,39.47164304562994,-7.983626244495507e-17,0.9999999997531785
120,3,Healthy brain area,33.04494382022472,44.982371106802525,3.991813122247754e-17,0.9999999997994912
121,3,Healthy brain area,26.353932584269664,27.02565388072689,-1.995906561123877e-17,0.9999999996458129
122,4,Eyes closed,9.629213483146067,54.610033654868644,1.995906561123877e-17,0.999999999849382
123,1,Seizure activity (ictal),10.47752808988764,161.9317447088478,3.991813122247754e-17,0.9999999999543683
124,2,Tumor area,-5.275280898876405,104.78349833727398,-1.4969299208429077e-17,0.9999999998587595
125,2,Tumor area,9.707865168539326,45.405588491164956,0.0,0.9999999997414886
126,5,Eyes open,-1.8202247191011236,30.68490160431275,-3.991813122247754e-17,0.999999999676218
127,5,Eyes open,-23.084269662921347,47.78002826360719,-7.983626244495507e-17,0.9999999998274738
128,2,Tumor area,0.5674157303370787,33.04811703242661,2.993859841685815e-17,0.9999999994957061
129,3,Healthy brain area,10.42134831460674,79.15755157415971,3.991813122247754e-17,0.9999999998697539
130,2,Tumor area,-9.47191011235955,74.26086571842768,0.0,0.9999999998445819
131,1,Seizure activity (ictal),24.39325842696629,483.2177985685416,2.993859841685815e-17,0.9999999999806357
132,3,Healthy brain area,-19.865168539325843,39.465300079498356,-7.983626244495507e-17,0.9999999998288304
133,5,Eyes open,7.02808988764045,48.84766848659401,0.0,0.999999999802088
134,3,Healthy brain area,18.584269662921347,58.99148843360943,3.991813122247754e-17,0.9999999998235581
135,1,Seizure activity (ictal),-16.146067415730336,399.45021347638874,4.989766402809692e-18,0.9999999999756939
136,2,Tumor area,-20.780898876404493,314.23644263887996,7.983626244495507e-17,0.9999999999732865
137,3,Healthy brain area,-13.752808988764045,33.88970242288694,-3.991813122247754e-17,0.9999999997232155
138,3,Healthy brain area,-73.70786516853933,13.669618775407255,2.494883201404846e-17,0.999999999271782
139,3,Healthy brain area,-12.617977528089888,21.199165564444005,0.0,0.9999999995337444
140,3,Healthy brain area,-9.51123595505618,51.80432487737394,1.4969299208429077e-17,0.9999999998034977
141,1,Seizure activity (ictal),-24.60112359550562,92.99023386486965,-3.991813122247754e-17,0.9999999999025403
142,5,Eyes open,-73.28089887640449,18.893544919931237,-9.979532805619384e-18,0.9999999994339753
143,3,Healthy brain area,-12.308988764044944,48.62676042380862,-1.995906561123877e-17,0.9999999997390592
144,1,Seizure activity (ictal),44.89325842696629,597.5448033219126,0.0,0.9999999999852014
145,3,Healthy brain area,-0.48314606741573035,19.39339187788526,9.979532805619384e-18,0.9999999994981611
146,3,Healthy brain area,23.39887640449438,55.76277400766274,3.991813122247754e-17,0.9999999996865956
147,3,Healthy brain area,30.230337078651687,16.607084615818025,1.995906561123877e-17,0.9999999994689495
148,2,Tumor area,-15.646067415730338,70.2435051276961,5.98771968337163e-17,0.9999999998115827
149,1,Seizure activity (ictal),-4.938202247191011,576.0398429582973,-1.995906561123877e-17,0.999999999983983
150,5,Eyes open,-65.42134831460675,24.720164047627158,-2.993859841685815e-17,0.9999999995837068
151,3,Healthy brain area,-43.764044943820224,29.710975716399012,7.983626244495507e-17,0.9999999996745516
152,5,Eyes open,-8.235955056179776,31.990350536664245,3.991813122247754e-17,0.9999999996308029
153,3,Healthy brain area,11.02247191011236,72.11530678393697,-7.983626244495507e-17,0.9999999998696107
154,2,Tumor area,-11.460674157303371,57.66379819277795,9.979532805619384e-18,0.9999999997320222
155,2,Tumor area,-21.702247191011235,34.873545163253816,3.4928364819667845e-17,0.9999999997851144
156,1,Seizure activity (ictal),-28.741573033707866,282.46968727057964,2.993859841685815e-17,0.999999999964327
157,4,Eyes closed,7.415730337078652,28.334601465292305,-7.983626244495507e-17,0.9999999996823048
158,4,Eyes closed,13.241573033707866,49.41049178716157,-1.995906561123877e-17,0.9999999997964804
159,1,Seizure activity (ictal),-11.404494382022472,118.43119835518625,1.403371800790226e-17,0.9999999999172093
160,1,Seizure activity (ictal),-45.325842696629216,186.19835233107386,-1.7464182409833923e-17,0.9999999999453457
161,5,Eyes open,7.966292134831461,22.359900623988857,9.979532805619384e-18,0.9999999995272034
162,4,Eyes closed,-10.157303370786517,56.71254124354881,1.995906561123877e-17,0.9999999997849878
163,4,Eyes closed,0.2640449438202247,84.42504121194392,1.2786276407199837e-17,0.9999999998779425
164,1,Seizure activity (ictal),-45.674157303370784,293.92769405443073,-3.991813122247754e-17,0.9999999999714283
165,1,Seizure activity (ictal),15.629213483146067,114.79423526442078,7.983626244495507e-17,0.9999999999014404
166,5,Eyes open,8.089887640449438,32.58201077020987,-5.98771968337163e-17,0.9999999996865248
167,4,Eyes closed,-9.646067415730338,49.06809658538131,-1.4969299208429077e-17,0.9999999998231096
168,5,Eyes open,-9.786516853932584,31.193478110523976,1.197543936674326e-16,0.9999999997401138
169,1,Seizure activity (ictal),-37.78651685393258,285.5640769869274,-1.1226974406321807e-17,0.999999999964944
170,4,Eyes closed,0.05056179775280899,104.15671384510087,9.979532805619384e-18,0.9999999999051123
171,1,Seizure activity (ictal),-44.11797752808989,97.08222283927797,0.0,0.9999999999044208
172,5,Eyes open,-12.764044943820224,28.47668964787429,0.0,0.9999999996373783
173,5,Eyes open,63.39325842696629,52.964609336722596,5.98771968337163e-17,0.9999999997602553
174,1,Seizure activity (ictal),-43.247191011235955,286.17329082175024,0.0,0.9999999999680146
175,5,Eyes open,-8.219101123595506,36.80257494778764,-3.991813122247754e-17,0.9999999997568398
176,1,Seizure activity (ictal),21.49438202247191,112.23246577052788,0.0,0.9999999999248775
177,2,Tumor area,55.859550561797754,73.20985262344352,-1.995906561123877e-17,0.9999999998438199
178,1,Seizure activity (ictal),19.04494382022472,356.02467753480363,-3.991813122247754e-17,0.9999999999730672
179,1,Seizure activity (ictal),-147.12359550561797,185.56626486712304,3.991813122247754e-17,0.9999999999506767
180,3,Healthy brain area,-16.84269662921348,41.781507354009314,0.0,0.9999999997741097
181,4,Eyes closed,-31.4438202247191,44.89950940663433,0.0,0.9999999997398746
182,5,Eyes open,-59.831460674157306,33.69584242518408,-1.995906561123877e-17,0.9999999996680816
183,1,Seizure activity (ictal),42.657303370786515,468.4513338885286,-3.4928364819667845e-17,0.9999999999800233
184,5,Eyes open,-22.325842696629213,45.00830766782198,9.979532805619384e-18,0.999999999772236
185,2,Tumor area,20.90449438202247,29.39916841334183,3.991813122247754e-17,0.9999999997070416
186,5,Eyes open,-77.16292134831461,22.0166274347493,5.3639988830204194e-17,0.999999999538435
187,2,Tumor area,-18.382022471910112,64.11786997274778,-9.979532805619384e-18,0.9999999998434029
188,3,Healthy brain area,-11.589887640449438,43.76822649536046,-7.983626244495507e-17,0.9999999997399951
189,4,Eyes closed,-4.073033707865169,31.86524034872497,-3.991813122247754e-17,0.9999999996790061
190,1,Seizure activity (ictal),-55.2752808988764,147.3956212519454,-5.98771968337163e-17,0.9999999999334628
191,5,Eyes open,21.730337078651687,49.21262376757233,7.983626244495507e-17,0.9999999997689344
192,4,Eyes closed,0.7134831460674157,69.02541412938326,1.995906561123877e-17,0.9999999998537599
193,5,Eyes open,10.764044943820224,52.39661247989956,0.0,0.9999999997097039
194,5,Eyes open,-15.073033707865168,31.94834758275499,-1.4969299208429077e-17,0.9999999996947367
195,2,Tumor area,-21.415730337078653,244.03834700459734,-2.993859841685815e-17,0.9999999999523493
196,3,Healthy brain area,-5.292134831460674,30.651246743047317,0.0,0.9999999996573974
197,3,Healthy brain area,3.3876404494382024,47.06833741027351,1.995906561123877e-17,0.9999999997399979
198,4,Eyes closed,-12.820224719101123,64.84069706176145,1.995906561123877e-17,0.9999999998473718
199,3,Healthy brain area,23.331460674157302,44.26994845342242,1.995906561123877e-17,0.9999999997591975
200,1,Seizure activity (ictal),-2.808988764044944,573.8470585973018,-4.989766402809692e-18,0.9999999999826014
201,2,Tumor area,-7.943820224719101,77.01829048058619,-1.995906561123877e-17,0.999999999892254
202,4,Eyes closed,6.938202247191011,51.8869947672976,9.979532805619384e-18,0.9999999997959456
203,1,Seizure activity (ictal),-26.129213483146067,288.86535127814193,2.993859841685815e-17,0.9999999999665374
204,4,Eyes closed,-20.93820224719101,83.54035290241609,3.991813122247754e-17,0.9999999998895361
205,2,Tumor area,-24.04494382022472,29.737015904163695,0.0,0.9999999996237309
206,5,Eyes open,-18.921348314606742,36.707536720878345,3.991813122247754e-17,0.9999999997022133
207,5,Eyes open,20.49438202247191,42.41584492878338,0.0,0.9999999997046553
208,1,Seizure activity (ictal),16.685393258426966,511.55114620133685,1.995906561123877e-17,0.9999999999808793
209,5,Eyes open,1.1573033707865168,38.20006437914585,3.991813122247754e-17,0.999999999746762
210,1,Seizure activity (ictal),46.60112359550562,168.81834329374695,0.0,0.9999999999470406
211,3,Healthy brain area,27.252808988764045,39.5295099265211,-7.983626244495507e-17,0.9999999997603141
212,2,Tumor area,-1.8932584269662922,37.37307899013511,1.197543936674326e-16,0.9999999997053748
213,4,Eyes closed,65.00561797752809,35.376863065405345,-2.993859841685815e-17,0.9999999997237586
214,4,Eyes closed,-52.7752808988764,45.06181841485849,3.991813122247754e-17,0.9999999997956089
215,5,Eyes open,22.837078651685392,41.69891244781922,-3.991813122247754e-17,0.9999999997234189
216,2,Tumor area,-12.51123595505618,31.962449661439525,-7.983626244495507e-17,0.9999999996940019
217,3,Healthy brain area,-0.7359550561797753,34.43513605134129,3.991813122247754e-17,0.9999999995498385
218,4,Eyes closed,-6.404494382022472,37.39981947355445,9.979532805619384e-18,0.9999999997192176
219,1,Seizure activity (ictal),-48.7752808988764,295.509073333923,3.991813122247754e-17,0.999999999973303
220,4,Eyes closed,-80.52808988764045,26.338372863856183,1.995906561123877e-17,0.9999999996535565
221,1,Seizure activity (ictal),-0.449438202247191,227.89301211663886,9.979532805619384e-18,0.999999999960498
222,1,Seizure activity (ictal),15.348314606741573,164.71163778177595,-1.995906561123877e-17,0.9999999999397227
223,1,Seizure activity (ictal),-14.213483146067416,306.5127330936544,-3.991813122247754e-17,0.9999999999748498
224,3,Healthy brain area,-65.87078651685393,15.095208721567362,-9.979532805619384e-18,0.9999999994303969
225,5,Eyes open,-10.882022471910112,61.08543117247831,0.0,0.9999999998368444
226,3,Healthy brain area,14.859550561797754,59.42087027734537,-1.197543936674326e-16,0.9999999998633271
227,1,Seizure activity (ictal),31.410112359550563,178.97989752473572,0.0,0.999999999950975
228,3,Healthy brain area,44.19662921348315,42.521912261158526,7.983626244495507e-17,0.9999999997478677
229,5,Eyes open,-35.174157303370784,38.10597295505863,-3.991813122247754e-17,0.9999999997418695
230,1,Seizure activity (ictal),33.337078651685395,633.8048018336724,1.995906561123877e-17,0.9999999999853805
231,2,Tumor area,41.38202247191011,57.659209116234045,-3.991813122247754e-17,0.9999999998570633
232,4,Eyes closed,-48.79775280898876,42.0441661239998,9.979532805619384e-18,0.9999999997685497
233,3,Healthy brain area,10.02247191011236,41.24494590163728,5.98771968337163e-17,0.9999999997792439
234,2,Tumor area,-8.359550561797754,22.189048412695094,2.993859841685815e-17,0.999999999322068
235,2,Tumor area,32.353932584269664,33.32093702291913,3.4928364819667845e-17,0.9999999995012423
236,2,Tumor area,-11.01685393258427,25.096101742831088,0.0,0.9999999995327352
237,2,Tumor area,-11.03370786516854,37.9336942033683,-1.197543936674326e-16,0.9999999997408441
238,3,Healthy brain area,-3.550561797752809,32.452042831754774,3.991813122247754e-17,0.999999999696941
239,2,Tumor area,-26.365168539325843,46.45205720126959,-1.995906561123877e-17,0.9999999997531527
240,4,Eyes closed,-20.51123595505618,40.08785839387341,0.0,0.9999999997441202
241,4,Eyes closed,3.792134831460674,47.09667972914769,1.247441600702423e-18,0.9999999997752338
242,4,Eyes closed,1.6292134831460674,32.67936916533599,1.0603253605970596e-17,0.99999999969372
243,5,Eyes open,0.2752808988764045,58.58718228667327,-1.4969299208429077e-17,0.9999999997983002
244,1,Seizure activity (ictal),-43.12359550561798,112.22838073879582,1.995906561123877e-17,0.9999999999217173
245,1,Seizure activity (ictal),-45.168539325842694,123.3250693009785,1.995906561123877e-17,0.9999999999202002
246,5,Eyes open,-54.12921348314607,45.02521316695464,2.993859841685815e-17,0.9999999997700033
247,5,Eyes open,-61.29775280898876,35.449696841948985,1.995906561123877e-17,0.9999999997611397
248,1,Seizure activity (ictal),140.19662921348313,509.85450732569115,-3.991813122247754e-17,0.9999999999791556
249,3,Healthy brain area,-37.48314606741573,35.44028443577699,-2.993859841685815e-17,0.999999999706623
250,2,Tumor area,-11.42134831460674,22.267449776082625,1.995906561123877e-17,0.9999999995765178
251,2,Tumor area,-91.66292134831461,240.08909600069725,3.991813122247754e-17,0.9999999999543698
252,3,Healthy brain area,-4.337078651685394,26.385194955012906,1.995906561123877e-17,0.9999999993407475
253,2,Tumor area,-28.235955056179776,77.1269233325144,0.0,0.9999999998418306
254,2,Tumor area,-21.191011235955056,51.26542002157631,-1.995906561123877e-17,0.9999999997712667
255,3,Healthy brain area,17.730337078651687,43.64817564303266,4.989766402809692e-17,0.9999999997256549
256,4,Eyes closed,21.213483146067414,39.933644937321375,4.490789762528723e-17,0.9999999997592146
257,1,Seizure activity (ictal),-2.157303370786517,160.11069898606664,0.0,0.9999999999434789
258,4,Eyes closed,-59.050561797752806,58.362223474588994,-7.983626244495507e-17,0.9999999998306722
259,4,Eyes closed,-4.533707865168539,105.37163493108326,1.4969299208429077e-17,0.9999999999121667
260,5,Eyes open,7.50561797752809,55.744223985666636,0.0,0.999999999732182
261,3,Healthy brain area,0.7921348314606742,19.110163921469013,-7.484649604214538e-18,0.9999999994788225
262,3,Healthy brain area,56.08426966292135,118.6157457752339,0.0,0.999999999905143
263,3,Healthy brain area,-10.02808988764045,38.30355247632427,-7.983626244495507e-17,0.9999999997574995
264,1,Seizure activity (ictal),-25.859550561797754,570.7598989911846,-3.991813122247754e-17,0.999999999983875
265,5,Eyes open,20.286516853932586,44.08905617479861,-3.991813122247754e-17,0.9999999997691761
266,4,Eyes closed,60.46067415730337,33.13762794863817,-7.983626244495507e-17,0.9999999997323628
267,4,Eyes closed,-23.03370786516854,44.090420228374526,3.991813122247754e-17,0.9999999998072455
268,4,Eyes closed,-10.752808988764045,34.43452699563264,5.98771968337163e-17,0.9999999997195408
269,3,Healthy brain area,-34.41573033707865,46.31045917458592,1.4969299208429077e-17,0.999999999768449
270,5,Eyes open,6.522471910112359,38.02692793037908,0.0,0.9999999997477224
271,1,Seizure activity (ictal),10.207865168539326,214.61181717922844,0.0,0.9999999999510848
272,5,Eyes open,13.48314606741573,32.032326494715576,0.0,0.9999999997500805
273,5,Eyes open,11.825842696629213,51.613929894179954,5.98771968337163e-17,0.9999999997600945
274,1,Seizure activity (ictal),-9.48314606741573,93.2471179010045,-1.995906561123877e-17,0.9999999998874128
275,1,Seizure activity (ictal),-41.51123595505618,324.8555986682589,0.0,0.999999999975644
276,2,Tumor area,-83.7247191011236,186.0211947456096,-1.995906561123877e-17,0.9999999999461221
277,4,Eyes closed,-10.98876404494382,33.563789470811464,-1.995906561123877e-17,0.999999999700636
278,5,Eyes open,4.792134831460674,30.685731137492795,3.991813122247754e-17,0.9999999996415311
279,5,Eyes open,-15.808988764044944,43.92879233039096,0.0,0.9999999997545612
280,1,Seizure activity (ictal),-13.415730337078651,126.13679118177672,2.993859841685815e-17,0.9999999999237947
281,4,Eyes closed,-68.56179775280899,93.44877285085066,-1.995906561123877e-17,0.999999999890322
282,5,Eyes open,29.353932584269664,43.10065969979175,0.0,0.9999999997066746
283,3,Healthy brain area,-10.573033707865168,80.82299812323271,0.0,0.9999999997934987
284,4,Eyes closed,-80.1067415730337,50.06776149447913,4.989766402809692e-17,0.9999999997961548
285,4,Eyes closed,16.99438202247191,37.344057360224284,-3.991813122247754e-17,0.9999999997543056
286,3,Healthy brain area,-16.769662921348313,64.98874389054345,0.0,0.999999999855678
287,5,Eyes open,-12.168539325842696,28.69041885057601,3.991813122247754e-17,0.9999999996441375
288,1,Seizure activity (ictal),-8.331460674157304,97.28018851565672,1.197543936674326e-16,0.9999999999112047
289,5,Eyes open,-77.24157303370787,20.050864023461997,9.979532805619384e-17,0.9999999995375748
290,3,Healthy brain area,-7.353932584269663,78.02940609072877,-3.991813122247754e-17,0.9999999998761019
291,5,Eyes open,15.47752808988764,58.546649512765114,3.991813122247754e-17,0.9999999998354143
292,5,Eyes open,62.57303370786517,55.112324044474235,0.0,0.9999999998391373
293,5,Eyes open,8.9438202247191,42.140577885299656,-7.983626244495507e-17,0.9999999997613687
294,5,Eyes open,14.140449438202246,46.1031750085113,5.98771968337163e-17,0.9999999997933684
295,2,Tumor area,10.331460674157304,41.24695724700301,5.98771968337163e-17,0.9999999997414842
296,1,Seizure activity (ictal),-2.702247191011236,222.9584938838396,-1.995906561123877e-17,0.9999999999576039
297,4,Eyes closed,-51.89887640449438,48.229914010695744,-7.983626244495507e-17,0.9999999998308443
298,4,Eyes closed,-24.39325842696629,83.03676158651608,-3.991813122247754e-17,0.9999999998783199
299,1,Seizure activity (ictal),-45.359550561797754,100.96764941807592,-7.983626244495507e-17,0.9999999999000283
300,3,Healthy brain area,-5.685393258426966,17.184455678902932,-2.993859841685815e-17,0.9999999994330486
301,3,Healthy brain area,-3.0224719101123596,22.791915345701323,-3.991813122247754e-17,0.999999999547076
302,2,Tumor area,-11.353932584269662,38.13066699434535,9.979532805619384e-18,0.9999999997531674
303,1,Seizure activity (ictal),-28.04494382022472,316.02309011474307,-2.1206507211941192e-17,0.999999999969262
304,1,Seizure activity (ictal),-14.03370786516854,164.389811423138,6.237208003512115e-18,0.9999999999379341
305,5,Eyes open,22.573033707865168,37.066410985970656,3.991813122247754e-17,0.9999999997501972
306,2,Tumor area,3.792134831460674,35.71542556840646,4.490789762528723e-17,0.999999999726684
307,4,Eyes closed,14.02247191011236,66.55790374698583,9.979532805619384e-18,0.9999999998423399
308,2,Tumor area,-7.651685393258427,52.66559782048109,-3.991813122247754e-17,0.9999999998234018
309,1,Seizure activity (ictal),32.45505617977528,339.6431384014685,3.991813122247754e-17,0.999999999972372
310,4,Eyes closed,-51.12359550561798,89.08439632152881,-6.237208003512116e-17,0.9999999998857735
311,2,Tumor area,-31.859550561797754,128.04948764126806,3.991813122247754e-17,0.9999999999523724
312,4,Eyes closed,-22.696629213483146,74.05948178707696,-1.995906561123877e-17,0.9999999998649266
313,4,Eyes closed,-18.53370786516854,72.79215824511644,-3.991813122247754e-17,0.9999999998857361
314,3,Healthy brain area,-3.4887640449438204,33.97656805982765,-7.983626244495507e-17,0.9999999997249276
315,4,Eyes closed,-0.4943820224719101,45.55170505707627,3.991813122247754e-17,0.9999999997967488
316,1,Seizure activity (ictal),-11.657303370786517,611.5700925197687,0.0,0.9999999999857494
317,1,Seizure activity (ictal),9.606741573033707,268.7259628331781,0.0,0.9999999999608034
318,5,Eyes open,12.47752808988764,36.06255567731644,3.991813122247754e-17,0.9999999997664176
319,5,Eyes open,0.3707865168539326,44.733262395558974,3.991813122247754e-17,0.9999999997860533
320,1,Seizure activity (ictal),-12.426966292134832,252.12052974720268,9.979532805619384e-18,0.9999999999612951
321,4,Eyes closed,-9.269662921348315,39.52193646171871,-3.991813122247754e-17,0.9999999997580642
322,2,Tumor area,10.544943820224718,23.62418067652915,3.4928364819667845e-17,0.9999999994955378
323,5,Eyes open,8.00561797752809,35.77041291833854,-7.983626244495507e-17,0.9999999997580173
324,2,Tumor area,-176.69662921348313,118.10853934957235,7.983626244495507e-17,0.9999999997829999
325,4,Eyes closed,-19.078651685393258,58.99794792072183,3.991813122247754e-17,0.9999999998419008
326,5,Eyes open,-1.146067415730337,30.497762143651393,-3.991813122247754e-17,0.9999999996818241
327,4,Eyes closed,-80.73595505617978,69.30021766133272,0.0,0.9999999998720459
328,1,Seizure activity (ictal),44.10674157303371,535.9717782059079,-7.983626244495507e-17,0.999999999984624
329,4,Eyes closed,-69.88764044943821,26.06471557111851,-1.995906561123877e-17,0.9999999996282344
330,3,Healthy brain area,-17.51685393258427,40.20889620373188,0.0,0.9999999997508294
331,4,Eyes closed,7.033707865168539,61.10590354498891,1.995906561123877e-17,0.9999999998518989
332,3,Healthy brain area,-78.5561797752809,63.41959158368838,3.991813122247754e-17,0.9999999998613441
333,3,Healthy brain area,0.9044943820224719,73.78405237105721,-2.494883201404846e-18,0.9999999998568903
334,4,Eyes closed,-25.921348314606742,74.8560002952637,3.991813122247754e-17,0.9999999998719192
335,5,Eyes open,-76.23033707865169,19.129005592099077,-1.995906561123877e-17,0.9999999994726904
336,3,Healthy brain area,-12.174157303370787,49.685392305581374,-3.991813122247754e-17,0.9999999998303672
337,5,Eyes open,10.730337078651685,44.75909650686771,3.991813122247754e-17,0.9999999997931409
338,4,Eyes closed,-31.15730337078652,66.03929692838656,-9.979532805619384e-18,0.9999999998505154
339,3,Healthy brain area,6.303370786516854,85.22803575423663,-2.993859841685815e-17,0.9999999998461752
340,3,Healthy brain area,-0.1797752808988764,108.71094151208462,-1.995906561123877e-17,0.9999999999105079
341,2,Tumor area,-10.57865168539326,37.634806301787435,0.0,0.9999999997752399
342,2,Tumor area,11.01123595505618,34.24170345902473,9.979532805619384e-18,0.9999999996972486
343,4,Eyes closed,-37.79775280898876,62.47753389932371,-3.991813122247754e-17,0.9999999998718467
344,2,Tumor area,-19.93820224719101,65.94329877211074,7.983626244495507e-17,0.9999999998856214
345,1,Seizure activity (ictal),-51.0,513.3865092356523,-5.98771968337163e-17,0.9999999999827114
346,1,Seizure activity (ictal),-34.39887640449438,332.4065863523509,0.0,0.9999999999701107
347,4,Eyes closed,-74.61235955056179,59.359136097594494,-1.995906561123877e-17,0.9999999998386963
348,2,Tumor area,-10.0561797752809,24.8552481517844,-3.991813122247754e-17,0.9999999996136276
349,1,Seizure activity (ictal),18.01123595505618,148.01544820545314,9.979532805619384e-18,0.9999999999377555
350,2,Tumor area,14.03370786516854,57.228489298384694,-3.991813122247754e-17,0.9999999998396741
351,4,Eyes closed,4.106741573033708,56.494057155394984,1.995906561123877e-17,0.9999999997940748
352,4,Eyes closed,10.337078651685394,42.294830300137264,0.0,0.9999999998067161
353,5,Eyes open,-6.191011235955056,32.90909385759449,0.0,0.9999999996959099
354,1,Seizure activity (ictal),1.0786516853932584,125.71987987559827,-2.993859841685815e-17,0.9999999999188167
355,1,Seizure activity (ictal),-72.16292134831461,143.3372756132534,9.979532805619384e-18,0.9999999999297118
356,3,Healthy brain area,-9.325842696629213,55.62379154721129,-2.494883201404846e-17,0.9999999997765154
357,5,Eyes open,5.966292134831461,56.86608543559676,0.0,0.9999999997709234
358,2,Tumor area,43.51685393258427,36.466272661017236,-3.991813122247754e-17,0.9999999997048514
359,1,Seizure activity (ictal),-72.24157303370787,280.66286517753,2.993859841685815e-17,0.9999999999688785
360,4,Eyes closed,-15.606741573033707,90.6485518613022,-3.991813122247754e-17,0.9999999998904306
361,3,Healthy brain area,2.101123595505618,33.49443856027251,-1.247441600702423e-17,0.9999999997207226
362,2,Tumor area,-9.337078651685394,52.31117864940956,3.991813122247754e-17,0.9999999998131907
363,3,Healthy brain area,-29.741573033707866,66.50741752834499,3.991813122247754e-17,0.9999999997868197
364,4,Eyes closed,16.89325842696629,30.739113530136304,3.991813122247754e-17,0.9999999997197321
365,1,Seizure activity (ictal),-25.134831460674157,551.8982704462851,-1.197543936674326e-16,0.9999999999841584
366,3,Healthy brain area,58.86516853932584,38.71523551428624,0.0,0.9999999997754647
367,1,Seizure activity (ictal),-7.747191011235955,230.81109576948816,0.0,0.9999999999731546
368,1,Seizure activity (ictal),66.0561797752809,529.6644763602616,0.0,0.9999999999863028
369,1,Seizure activity (ictal),27.53932584269663,118.49525247018329,-9.979532805619384e-18,0.9999999999105442
370,4,Eyes closed,7.533707865168539,52.0064979600815,5.98771968337163e-17,0.9999999998150225
371,2,Tumor area,-17.05056179775281,27.9615049328778,-7.983626244495507e-17,0.9999999997412897
372,4,Eyes closed,-2.893258426966292,76.95164729859214,-7.983626244495507e-17,0.999999999898434
373,3,Healthy brain area,-8.730337078651685,23.70761222507378,3.991813122247754e-17,0.9999999995099411
374,5,Eyes open,-21.06179775280899,43.42721666570266,1.995906561123877e-17,0.9999999997594455
375,4,Eyes closed,-3.7865168539325844,85.1048225980216,-9.979532805619384e-18,0.9999999998850365
376,1,Seizure activity (ictal),84.04494382022472,356.4628322687259,-9.979532805619384e-18,0.9999999999763993
377,1,Seizure activity (ictal),45.837078651685395,372.98364481479734,0.0,0.9999999999735352
378,1,Seizure activity (ictal),-8.601123595505618,466.8651411261474,3.991813122247754e-17,0.9999999999824563
379,5,Eyes open,-51.741573033707866,25.650865937980758,1.995906561123877e-17,0.9999999995971519
380,5,Eyes open,-7.196629213483146,50.83350869864607,-6.985672963933569e-17,0.9999999997745949
381,5,Eyes open,-0.4887640449438202,39.589642097318375,7.983626244495507e-17,0.9999999997163719
382,1,Seizure activity (ictal),-10.101123595505618,598.1452239006361,0.0,0.9999999999849292
383,5,Eyes open,12.359550561797754,35.774809790246856,0.0,0.999999999719859
384,3,Healthy brain area,27.303370786516854,60.06399293307734,0.0,0.9999999998017043
385,4,Eyes closed,-23.792134831460675,63.73749311062339,-1.995906561123877e-17,0.9999999998584271
386,2,Tumor area,-7.376404494382022,26.8128952812723,3.991813122247754e-17,0.9999999996288975
387,2,Tumor area,-20.337078651685392,51.97513316837407,2.993859841685815e-17,0.9999999998137278
388,2,Tumor area,10.112359550561798,90.1884965138087,-5.98771968337163e-17,0.9999999998652584
389,2,Tumor area,7.52808988764045,29.587839093015347,1.197543936674326e-16,0.9999999996777383
390,4,Eyes closed,-2.4775280898876404,53.396566511695994,1.995906561123877e-17,0.999999999805112
391,1,Seizure activity (ictal),-25.4438202247191,253.16826063341244,-1.995906561123877e-17,0.9999999999601419
392,3,Healthy brain area,-12.089887640449438,56.30038626195918,-1.995906561123877e-17,0.999999999813591
393,1,Seizure activity (ictal),-4.477528089887641,208.22821871217877,0.0,0.9999999999442243
394,1,Seizure activity (ictal),1.6741573033707866,400.2004911945758,-1.995906561123877e-17,0.9999999999755531
395,5,Eyes open,-26.39887640449438,38.31043215914797,1.995906561123877e-17,0.9999999997176953
396,1,Seizure activity (ictal),-37.02808988764045,554.857420999237,1.4969299208429077e-17,0.9999999999820273
397,5,Eyes open,1.1404494382022472,43.13172199778992,-3.991813122247754e-17,0.9999999998105363
398,5,Eyes open,-4.853932584269663,36.06425307286039,1.995906561123877e-17,0.9999999997160064
399,2,Tumor area,7.820224719101123,26.47558205013294,-9.979532805619384e-18,0.999999999664444
400,2,Tumor area,-46.747191011235955,21.20759133687344,0.0,0.999999999540842
401,3,Healthy brain area,29.97752808988764,25.576928476542193,3.991813122247754e-17,0.9999999996549284
402,3,Healthy brain area,-33.48314606741573,71.22524996655953,1.995906561123877e-17,0.9999999998494489
403,2,Tumor area,-16.668539325842698,179.05961350902462,-2.993859841685815e-17,0.9999999999426527
404,3,Healthy brain area,8.49438202247191,41.31616208382871,0.0,0.9999999997691336
405,3,Healthy brain area,-3.00561797752809,76.12515546309922,1.995906561123877e-17,0.9999999998777509
406,2,Tumor area,-10.438202247191011,87.21083262476724,0.0,0.9999999998935235
407,3,Healthy brain area,-2.365168539325843,63.51489536192879,0.0,0.9999999998562428
408,2,Tumor area,3.893258426966292,50.64588295379172,-3.991813122247754e-17,0.999999999765696
409,5,Eyes open,5.741573033707865,43.64695649193321,5.98771968337163e-17,0.9999999997880215
410,5,Eyes open,61.09550561797753,34.743472138015,7.983626244495507e-17,0.9999999997205495
411,5,Eyes open,8.01685393258427,36.45413845267748,3.991813122247754e-17,0.9999999997302628
412,3,Healthy brain area,-3.0280898876404496,52.70838043671598,0.0,0.9999999997985478
413,4,Eyes closed,-9.758426966292134,98.10022999777041,0.0,0.9999999999002023
414,2,Tumor area,-37.640449438202246,32.27192998515187,0.0,0.9999999996902778
415,3,Healthy brain area,-71.97752808988764,22.03086574728859,-3.991813122247754e-17,0.999999999549959
416,2,Tumor area,3.9887640449438204,60.79427352948658,1.62167408091315e-17,0.9999999998347479
417,5,Eyes open,62.69662921348315,44.704122046670825,1.995906561123877e-17,0.9999999997849188
418,1,Seizure activity (ictal),-53.859550561797754,94.10600909672354,3.991813122247754e-17,0.9999999999097122
419,4,Eyes closed,3.1123595505617976,57.82644280682453,-7.983626244495507e-17,0.999999999815311
420,2,Tumor area,26.9438202247191,24.160446620696007,4.989766402809692e-18,0.9999999995736191
421,4,Eyes closed,5.719101123595506,45.69709472830578,-3.991813122247754e-17,0.999999999808499
422,5,Eyes open,20.640449438202246,40.704124847161204,5.98771968337163e-17,0.9999999997371014
423,5,Eyes open,5.47191011235955,30.508643051533,0.0,0.9999999996738121
424,3,Healthy brain area,-29.44943820224719,40.60663897563878,0.0,0.9999999997469056
425,3,Healthy brain area,5.404494382022472,22.738236420858748,4.989766402809692e-18,0.9999999994543066
426,3,Healthy brain area,26.078651685393258,21.68400472937128,-3.991813122247754e-17,0.9999999994918005
427,2,Tumor area,13.168539325842696,60.72996704977232,0.0,0.9999999998551946
428,3,Healthy brain area,2.393258426966292,18.43580905940362,-3.991813122247754e-17,0.9999999992089893
429,4,Eyes closed,7.601123595505618,46.365589222030515,-8.233114564635993e-17,0.9999999997456557
430,1,Seizure activity (ictal),-18.348314606741575,571.1817259596049,-3.991813122247754e-17,0.9999999999828691
431,2,Tumor area,-37.40449438202247,31.11602755513252,0.0,0.9999999996086105
432,2,Tumor area,-6.668539325842697,38.60629888498466,0.0,0.9999999997688994
433,2,Tumor area,20.926966292134832,22.709455853864906,-4.989766402809692e-18,0.9999999994646217
434,3,Healthy brain area,-1.1123595505617978,34.88663444604319,3.991813122247754e-17,0.9999999997219862
435,4,Eyes closed,-9.735955056179776,50.82038153284613,-1.247441600702423e-17,0.9999999998163713
436,5,Eyes open,8.679775280898877,38.5614020205723,0.0,0.9999999997427472
437,5,Eyes open,8.595505617977528,29.379431428066905,-1.995906561123877e-17,0.99999999965608
438,4,Eyes closed,-45.69662921348315,98.52546633600718,-1.995906561123877e-17,0.9999999999000179
439,2,Tumor area,-13.286516853932584,28.86781066104729,2.993859841685815e-17,0.9999999996387903
440,1,Seizure activity (ictal),60.98876404494382,333.19660472736393,3.991813122247754e-17,0.9999999999714609
441,2,Tumor area,-53.98876404494382,20.65935290654959,0.0,0.9999999995029157
442,5,Eyes open,-18.89325842696629,44.93684531551746,-3.991813122247754e-17,0.9999999998072073
443,4,Eyes closed,54.657303370786515,43.41413425835356,2.993859841685815e-17,0.9999999997739842
444,3,Healthy brain area,24.48876404494382,37.19418203327102,-3.991813122247754e-17,0.9999999997239903
445,4,Eyes closed,4.455056179775281,62.959597373246744,0.0,0.9999999998507576
446,4,Eyes closed,-50.10674157303371,70.6162668622636,0.0,0.999999999865033
447,1,Seizure activity (ictal),-1.8258426966292134,210.86735807834637,8.482602884776477e-17,0.999999999954428
448,3,Healthy brain area,12.865168539325843,46.94849939836322,9.979532805619384e-18,0.99999999977541
449,1,Seizure activity (ictal),6.561797752808989,86.88691540547516,0.0,0.9999999998923471
450,1,Seizure activity (ictal),-174.57865168539325,683.8792332069056,-3.991813122247754e-17,0.999999999987958
451,3,Healthy brain area,-11.07865168539326,45.172882568310406,0.0,0.999999999808698
452,2,Tumor area,-9.174157303370787,37.12457022212517,3.991813122247754e-17,0.9999999996222894
453,4,Eyes closed,-22.39887640449438,112.15550700499072,-3.991813122247754e-17,0.9999999999262122
454,5,Eyes open,-6.044943820224719,42.26266451034172,-1.995906561123877e-17,0.9999999996588103
455,2,Tumor area,-38.443820224719104,38.11911683856213,1.4969299208429077e-17,0.9999999997407362
456,2,Tumor area,-33.98876404494382,23.14050604072283,5.98771968337163e-17,0.9999999995533922
457,3,Healthy brain area,-18.219101123595507,79.23150743219857,-1.995906561123877e-17,0.999999999785851
458,5,Eyes open,-61.157303370786515,26.767370240315415,4.989766402809692e-18,0.9999999995753064
459,1,Seizure activity (ictal),-5.921348314606742,125.73221273615748,0.0,0.9999999999303452
460,4,Eyes closed,-47.86516853932584,39.97982384727621,5.98771968337163e-17,0.9999999997873826
461,1,Seizure activity (ictal),0.8595505617977528,403.5580064174396,-4.989766402809692e-18,0.9999999999753999
462,1,Seizure activity (ictal),44.97191011235955,500.08927775729416,1.995906561123877e-17,0.9999999999818465
463,4,Eyes closed,24.213483146067414,51.95643635661446,0.0,0.9999999998112973
464,3,Healthy brain area,-80.0561797752809,17.721224214288192,-7.983626244495507e-17,0.9999999995347942
465,1,Seizure activity (ictal),-77.1067415730337,218.29416515065364,0.0,0.9999999999551761
466,3,Healthy brain area,-14.910112359550562,39.040065979359824,1.995906561123877e-17,0.9999999996295514
467,1,Seizure activity (ictal),1.1235955056179776,328.98634991746417,1.995906561123877e-17,0.9999999999729416
468,2,Tumor area,1.1179775280898876,17.355911221730008,0.0,0.9999999994483688
469,1,Seizure activity (ictal),-44.2752808988764,482.9628216972555,-7.983626244495507e-17,0.9999999999821648
470,4,Eyes closed,-31.337078651685392,112.7430651416447,-4.584347882581405e-17,0.9999999999118344
471,4,Eyes closed,1.0898876404494382,32.11221212254157,-3.991813122247754e-17,0.9999999996922566
472,5,Eyes open,-39.7247191011236,44.806544919439226,0.0,0.9999999997429713
473,3,Healthy brain area,-29.674157303370787,41.82044961872522,0.0,0.99999999978737
474,1,Seizure activity (ictal),5.140449438202247,277.29001052485944,-1.995906561123877e-17,0.9999999999668236
475,3,Healthy brain area,-33.91011235955056,49.29905084881571,-3.991813122247754e-17,0.9999999997764386
476,5,Eyes open,-56.02808988764045,40.24816693087141,0.0,0.9999999997554764
477,5,Eyes open,-4.140449438202247,33.36986199680253,9.979532805619384e-18,0.9999999996937303
478,5,Eyes open,-9.567415730337078,34.05000379574266,5.98771968337163e-17,0.9999999996852122
479,1,Seizure activity (ictal),33.449438202247194,500.31509198077293,-4.490789762528723e-17,0.9999999999788437
480,4,Eyes closed,-6.49438202247191,35.06258404480484,1.995906561123877e-17,0.9999999997239223
481,1,Seizure activity (ictal),-51.40449438202247,122.41908303002799,0.0,0.999999999917457
482,2,Tumor area,-50.0,63.472634110291,9.979532805619384e-18,0.9999999998207036
483,3,Healthy brain area,3.0842696629213484,28.163421167932313,-3.991813122247754e-17,0.9999999996348806
484,3,Healthy brain area,0.09550561797752809,55.51299961151393,-1.995906561123877e-17,0.9999999998210646
485,4,Eyes closed,-1.4775280898876404,38.296332012022425,-1.995906561123877e-17,0.9999999997295388
486,4,Eyes closed,10.617977528089888,43.04178936643624,0.0,0.999999999780052
487,2,Tumor area,24.84269662921348,48.93182574006697,-1.995906561123877e-17,0.9999999997619153
488,4,Eyes closed,-10.679775280898877,39.816062141350486,9.979532805619384e-18,0.999999999744651
489,4,Eyes closed,61.73033707865169,45.57652264862152,0.0,0.9999999998207102
490,2,Tumor area,-18.275280898876403,260.61473902669974,-7.983626244495507e-17,0.9999999999584112
491,3,Healthy brain area,24.314606741573034,41.20982088295093,-3.991813122247754e-17,0.9999999997964985
492,4,Eyes closed,-32.89887640449438,128.60273687337218,3.991813122247754e-17,0.9999999999189897
493,1,Seizure activity (ictal),-18.747191011235955,362.12031354354264,0.0,0.9999999999737109
494,4,Eyes closed,-21.084269662921347,88.8254738728495,-1.995906561123877e-17,0.9999999998925622
495,3,Healthy brain area,9.07865168539326,48.24824028207536,-1.247441600702423e-17,0.9999999997942596
496,4,Eyes closed,30.292134831460675,96.15223209001407,-3.991813122247754e-17,0.9999999999033179
497,5,Eyes open,-21.808988764044944,38.08369741884001,1.995906561123877e-17,0.9999999997216711
498,4,Eyes closed,11.870786516853933,56.50087143058149,5.738231363231147e-17,0.9999999998243789
499,1,Seizure activity (ictal),-33.859550561797754,330.5846836786969,9.979532805619384e-18,0.99999999997341
500,4,Eyes closed,-19.359550561797754,57.223737353059505,5.98771968337163e-17,0.999999999833798
501,4,Eyes closed,9.679775280898877,44.97382179824739,0.0,0.9999999997739616
502,5,Eyes open,-28.53370786516854,37.35799312458687,-7.983626244495507e-17,0.9999999997014558
503,4,Eyes closed,-61.09550561797753,70.49318145385355,-4.989766402809692e-17,0.999999999859613
504,2,Tumor area,44.68539325842696,222.961229839096,3.991813122247754e-17,0.9999999999396317
505,5,Eyes open,8.702247191011235,69.7137493532138,-9.355812005268173e-18,0.9999999998483922
506,3,Healthy brain area,15.280898876404494,87.6428514508056,1.995906561123877e-17,0.9999999998528805
507,3,Healthy brain area,-0.2640449438202247,35.40667348761606,-3.991813122247754e-17,0.9999999997073525
508,3,Healthy brain area,-29.54494382022472,29.769162504726243,0.0,0.9999999995534825
509,2,Tumor area,-4.112359550561798,26.52386595538135,7.983626244495507e-17,0.9999999996747428
510,5,Eyes open,17.03932584269663,52.27395019709562,1.995906561123877e-17,0.9999999997889907
511,5,Eyes open,-30.56179775280899,48.133698409854,0.0,0.999999999773256
512,1,Seizure activity (ictal),38.08988764044944,246.76796818562025,1.995906561123877e-17,0.9999999999599695
513,5,Eyes open,28.98314606741573,43.73431978642073,1.995906561123877e-17,0.9999999997752147
514,5,Eyes open,1.348314606741573,48.26602339134002,3.991813122247754e-17,0.9999999998189276
515,1,Seizure activity (ictal),-22.084269662921347,467.9683422018185,3.991813122247754e-17,0.9999999999800304
516,2,Tumor area,-10.387640449438202,67.93504220651563,3.991813122247754e-17,0.9999999998526024
517,1,Seizure activity (ictal),67.52808988764045,120.00834145986259,5.98771968337163e-17,0.9999999999302037
518,5,Eyes open,-49.60674157303371,30.845434887963528,-1.995906561123877e-17,0.9999999996584398
519,4,Eyes closed,10.02808988764045,51.2123174456031,1.995906561123877e-17,0.9999999998034533
520,4,Eyes closed,-49.10674157303371,89.64314307641497,3.991813122247754e-17,0.9999999999126101
521,3,Healthy brain area,42.08988764044944,66.81159834206245,3.991813122247754e-17,0.9999999998495682
522,2,Tumor area,-23.365168539325843,46.51115995384864,7.983626244495507e-17,0.9999999997827208
523,1,Seizure activity (ictal),-28.5561797752809,228.3494997473042,5.98771968337163e-17,0.9999999999585678
524,2,Tumor area,-13.455056179775282,49.11567065253745,-9.979532805619384e-18,0.9999999997939208
525,4,Eyes closed,30.814606741573034,60.24849674204999,-1.197543936674326e-16,0.9999999998771005
526,1,Seizure activity (ictal),-64.45505617977528,377.80807906828375,9.979532805619384e-18,0.9999999999691558
527,4,Eyes closed,-56.41573033707865,82.05093087939022,3.3680923218965425e-17,0.9999999998833201
528,1,Seizure activity (ictal),-70.7247191011236,107.54741601887433,0.0,0.9999999999065396
529,1,Seizure activity (ictal),47.99438202247191,483.71108120529743,-7.983626244495507e-17,0.9999999999848255
530,2,Tumor area,-44.12921348314607,59.13800409715291,5.98771968337163e-17,0.9999999998185212
531,2,Tumor area,24.421348314606742,67.63257471238983,3.991813122247754e-17,0.999999999837408
532,5,Eyes open,2.0786516853932584,31.32440794354314,0.0,0.999999999684527
533,4,Eyes closed,-3.0168539325842696,29.996905218480943,7.983626244495507e-17,0.9999999996672628
534,4,Eyes closed,6.98314606741573,55.742432823375694,7.983626244495507e-17,0.999999999835469
535,3,Healthy brain area,-73.51685393258427,27.715291021282724,-1.4969299208429077e-17,0.9999999996187887
536,5,Eyes open,15.634831460674157,34.78241064302666,-1.995906561123877e-17,0.9999999997312762
537,5,Eyes open,-37.40449438202247,33.67465592564596,-3.991813122247754e-17,0.9999999997536707
538,2,Tumor area,-44.08426966292135,49.58409811889655,-9.979532805619384e-18,0.9999999998013968
539,4,Eyes closed,-1.6853932584269662,69.10285372822655,-1.995906561123877e-17,0.9999999998590229
540,4,Eyes closed,-82.81460674157303,30.584647873067055,-1.995906561123877e-17,0.9999999996742481
541,3,Healthy brain area,-0.8089887640449438,34.70141544388157,3.991813122247754e-17,0.9999999997121064
542,4,Eyes closed,-5.696629213483146,57.81992667949405,1.995906561123877e-17,0.9999999998448144
543,4,Eyes closed,-82.28089887640449,45.42099914397486,0.0,0.9999999998044038
544,5,Eyes open,-18.528089887640448,31.934831776934942,0.0,0.9999999996718248
545,5,Eyes open,-21.06179775280899,40.130847799201696,0.0,0.9999999997342209
546,1,Seizure activity (ictal),25.94943820224719,128.97975942907095,-1.7464182409833923e-17,0.9999999999245771
547,3,Healthy brain area,-22.292134831460675,38.07671211587017,0.0,0.9999999997504617
548,4,Eyes closed,-49.56741573033708,64.9371213157946,9.979532805619384e-18,0.9999999998337638
549,5,Eyes open,-17.584269662921347,30.030437364228188,-3.991813122247754e-17,0.9999999996719089
550,5,Eyes open,8.398876404494382,55.88293742607619,1.995906561123877e-17,0.9999999997986879
551,1,Seizure activity (ictal),-6.932584269662922,507.71132861886025,3.4928364819667845e-17,0.9999999999801108
552,3,Healthy brain area,-10.9438202247191,49.20362632807514,3.991813122247754e-17,0.9999999997166563
553,2,Tumor area,-42.13483146067416,41.5787302504689,6.361952163582357e-17,0.9999999997426758
554,1,Seizure activity (ictal),70.20786516853933,513.8009129423441,-3.991813122247754e-17,0.9999999999820572
555,3,Healthy brain area,-11.48876404494382,39.73723224587116,-1.995906561123877e-17,0.9999999995889344
556,1,Seizure activity (ictal),10.415730337078651,213.17341724514392,-3.867068962177512e-17,0.9999999999545123
557,3,Healthy brain area,-1.7078651685393258,34.41002017873459,-9.979532805619384e-18,0.9999999996843828
558,4,Eyes closed,-7.084269662921348,86.46626074335884,-7.983626244495507e-17,0.9999999999176737
559,5,Eyes open,17.578651685393258,58.8078856057417,-2.7443715215453307e-17,0.9999999997699346
560,1,Seizure activity (ictal),-9.376404494382022,552.624757285267,1.995906561123877e-17,0.9999999999840434
561,5,Eyes open,24.53932584269663,53.460172338964675,-1.995906561123877e-17,0.9999999998309153
562,3,Healthy brain area,34.88202247191011,44.91893587791222,-1.995906561123877e-17,0.9999999998096935
563,5,Eyes open,-57.56741573033708,34.70563945780978,-7.983626244495507e-17,0.9999999997103882
564,1,Seizure activity (ictal),-49.050561797752806,311.8210786395847,0.0,0.9999999999687041
565,2,Tumor area,-15.52247191011236,41.590324752167824,5.98771968337163e-17,0.9999999997593167
566,2,Tumor area,22.696629213483146,52.86773925378631,-3.991813122247754e-17,0.999999999832831
567,5,Eyes open,-11.410112359550562,48.334802742611366,0.0,0.9999999998008369
568,3,Healthy brain area,1.1292134831460674,28.188772576708466,3.991813122247754e-17,0.9999999996410998
569,5,Eyes open,45.03932584269663,69.42543994750817,0.0,0.9999999998351689
570,2,Tumor area,-34.3876404494382,23.33226690020033,3.991813122247754e-17,0.9999999995759153
571,2,Tumor area,-19.05056179775281,13.93857813259805,3.991813122247754e-17,0.9999999993154427
572,5,Eyes open,45.938202247191015,64.56937390285186,7.983626244495507e-17,0.9999999998129397
573,4,Eyes closed,-31.365168539325843,70.44231300097016,1.995906561123877e-17,0.9999999998619387
574,4,Eyes closed,-29.780898876404493,52.08045067981119,-3.2433481618263e-17,0.9999999998155553
575,2,Tumor area,17.5,24.8248357881802,-3.991813122247754e-17,0.9999999996281754
576,3,Healthy brain area,-4.707865168539326,14.039832777895137,-3.991813122247754e-17,0.9999999994308124
577,3,Healthy brain area,8.53370786516854,39.62168695629922,-3.991813122247754e-17,0.9999999997718565
578,4,Eyes closed,-8.629213483146067,34.211136245404305,-2.993859841685815e-17,0.9999999997135789
579,4,Eyes closed,10.415730337078651,93.19157614782597,1.995906561123877e-17,0.9999999999044746
580,4,Eyes closed,-64.02247191011236,49.43534593383084,0.0,0.9999999998232525
581,3,Healthy brain area,-34.657303370786515,54.61798359564397,-9.979532805619384e-18,0.999999999801399
582,2,Tumor area,-21.623595505617978,87.07699617853635,0.0,0.9999999998948882
583,2,Tumor area,-38.04494382022472,45.73787310569654,0.0,0.9999999997774783
584,3,Healthy brain area,-76.59550561797752,17.469857894576876,-1.995906561123877e-17,0.9999999994205899
585,5,Eyes open,-5.578651685393258,53.482087670105344,-7.983626244495507e-17,0.9999999998257021
586,1,Seizure activity (ictal),-25.90449438202247,472.5016697931644,-3.991813122247754e-17,0.9999999999808002
587,4,Eyes closed,-10.797752808988765,35.53892620562711,9.979532805619384e-18,0.9999999997317149
588,4,Eyes closed,13.719101123595506,50.5544514013889,-1.995906561123877e-17,0.9999999998397681
589,4,Eyes closed,49.58426966292135,35.50353962058154,-1.197543936674326e-16,0.9999999997416105
590,1,Seizure activity (ictal),-59.353932584269664,169.32534175645202,7.983626244495507e-17,0.9999999999528484
591,2,Tumor area,-21.99438202247191,43.87795858215381,-7.983626244495507e-17,0.9999999998152479
592,3,Healthy brain area,-75.89887640449439,65.47588027368504,7.983626244495507e-17,0.9999999998251057
593,2,Tumor area,26.685393258426966,29.414356926247322,0.0,0.9999999997152489
594,1,Seizure activity (ictal),-34.81460674157304,348.5934891611137,-1.995906561123877e-17,0.9999999999719893
595,4,Eyes closed,11.955056179775282,62.602528956412115,3.991813122247754e-17,0.9999999998721119
596,1,Seizure activity (ictal),-40.63483146067416,301.5616029268366,0.0,0.9999999999685625
597,3,Healthy brain area,5.915730337078652,60.85928400158606,-1.6528601209307106e-17,0.9999999997382641
598,3,Healthy brain area,-12.191011235955056,48.55921357037104,-3.991813122247754e-17,0.9999999998070636
599,1,Seizure activity (ictal),45.550561797752806,395.6358560464054,0.0,0.9999999999792301
600,3,Healthy brain area,10.544943820224718,44.7678242984018,-7.983626244495507e-17,0.9999999997829564
601,4,Eyes closed,53.39887640449438,34.01261165430438,0.0,0.9999999997118321
602,3,Healthy brain area,-10.106741573033707,19.218871213756763,0.0,0.9999999996014043
603,4,Eyes closed,-1.8707865168539326,43.65325760331514,-3.991813122247754e-17,0.9999999997630353
604,1,Seizure activity (ictal),-49.37078651685393,103.36456503016773,-1.995906561123877e-17,0.9999999998855925
605,4,Eyes closed,5.320224719101123,30.133480874476195,3.991813122247754e-17,0.9999999996802202
606,3,Healthy brain area,-13.561797752808989,21.917595956181458,3.991813122247754e-17,0.9999999994738002
607,4,Eyes closed,-53.20224719101124,95.1496372988158,-1.995906561123877e-17,0.9999999998965922
608,4,Eyes closed,-5.117977528089888,92.62169409017699,-1.995906561123877e-17,0.9999999999047879
609,5,Eyes open,-1.8820224719101124,39.30995545859596,1.995906561123877e-17,0.9999999997633116
610,1,Seizure activity (ictal),41.741573033707866,131.50332401403034,7.983626244495507e-17,0.9999999999223189
611,5,Eyes open,30.825842696629213,53.6265489089627,-1.995906561123877e-17,0.9999999997792692
612,3,Healthy brain area,17.02247191011236,90.05066957285145,0.0,0.9999999999020188
613,5,Eyes open,1.8426966292134832,35.834168264382825,-2.993859841685815e-17,0.9999999997226446
614,5,Eyes open,-20.151685393258425,40.13074870397352,1.995906561123877e-17,0.9999999997406422
615,2,Tumor area,-11.196629213483146,28.897350095992927,2.993859841685815e-17,0.9999999995694266
616,1,Seizure activity (ictal),-42.21910112359551,494.87962703381174,2.494883201404846e-17,0.9999999999798467
617,3,Healthy brain area,-0.28651685393258425,35.9122203576131,-9.979532805619384e-18,0.9999999997526565
618,4,Eyes closed,-23.55056179775281,64.19151668477015,-2.494883201404846e-17,0.9999999998526093
619,3,Healthy brain area,19.865168539325843,35.450928582071654,3.991813122247754e-17,0.9999999996857205
620,1,Seizure activity (ictal),1.1235955056179776,618.6363641237765,7.983626244495507e-17,0.9999999999865987
621,2,Tumor area,-31.662921348314608,73.44507139906693,0.0,0.9999999998514275
622,3,Healthy brain area,-11.50561797752809,30.089612824012917,-4.989766402809692e-17,0.9999999996655277
623,3,Healthy brain area,-53.348314606741575,25.57193032907284,-1.995906561123877e-17,0.9999999996912556
624,2,Tumor area,-31.50561797752809,150.44328683164295,-9.979532805619384e-18,0.9999999999377207
625,5,Eyes open,-77.01123595505618,19.549415567586998,-9.979532805619384e-18,0.9999999994784432
626,5,Eyes open,61.60674157303371,30.078406147084088,0.0,0.9999999996501969
627,1,Seizure activity (ictal),13.893258426966293,367.36031490321204,0.0,0.9999999999739337
628,1,Seizure activity (ictal),-2.2865168539325844,98.01181961629376,-1.995906561123877e-17,0.9999999999049847
629,1,Seizure activity (ictal),6.404494382022472,549.1582264999856,-4.989766402809692e-17,0.9999999999818344
630,2,Tumor area,-1.5112359550561798,75.80846938869485,-3.991813122247754e-17,0.9999999998984545
631,3,Healthy brain area,-36.93258426966292,82.5150715212258,3.991813122247754e-17,0.9999999998868883
632,1,Seizure activity (ictal),62.23033707865169,465.91750461013334,0.0,0.9999999999850087
633,4,Eyes closed,-40.97752808988764,77.47540059438509,-1.995906561123877e-17,0.999999999877721
634,1,Seizure activity (ictal),-53.37078651685393,548.5347874831247,-3.991813122247754e-17,0.999999999985032
635,1,Seizure activity (ictal),-26.702247191011235,119.58536086944746,5.98771968337163e-17,0.999999999937372
636,2,Tumor area,-18.179775280898877,69.68807900211974,7.983626244495507e-17,0.9999999998547056
637,4,Eyes closed,7.432584269662922,67.15459654514927,0.0,0.9999999998404883
638,3,Healthy brain area,-13.786516853932584,24.174446491049018,1.995906561123877e-17,0.9999999995469938
639,4,Eyes closed,47.57865168539326,59.4199205652431,-1.995906561123877e-17,0.9999999998585659
640,2,Tumor area,36.741573033707866,29.03969700289497,-1.995906561123877e-17,0.9999999996573496
641,5,Eyes open,-29.55056179775281,33.767882898024865,0.0,0.9999999997023031
642,4,Eyes closed,12.46629213483146,66.16519578632521,7.983626244495507e-17,0.9999999998849006
643,4,Eyes closed,39.45505617977528,82.97353512183763,-3.991813122247754e-17,0.9999999999005488
644,4,Eyes closed,37.93258426966292,43.811982803130185,-3.991813122247754e-17,0.9999999997768951
645,3,Healthy brain area,26.752808988764045,45.20994245300434,7.484649604214538e-18,0.9999999997286704
646,2,Tumor area,-27.528089887640448,45.76370425007737,0.0,0.9999999997921611
647,3,Healthy brain area,19.426966292134832,70.5919414251188,0.0,0.9999999998640572
648,5,Eyes open,9.241573033707866,27.43169375457276,7.983626244495507e-17,0.9999999998323248
649,1,Seizure activity (ictal),30.786516853932586,503.98793841261295,1.995906561123877e-17,0.9999999999812826
650,5,Eyes open,-5.617977528089888,40.176298457017666,1.995906561123877e-17,0.9999999997575679
651,1,Seizure activity (ictal),-62.01123595505618,115.7882602946772,4.989766402809692e-18,0.9999999999151524
652,4,Eyes closed,-13.235955056179776,57.649955411251874,-1.995906561123877e-17,0.9999999998475798
653,4,Eyes closed,-53.53932584269663,64.74991756183643,-2.494883201404846e-18,0.9999999998547725
654,5,Eyes open,39.674157303370784,46.48976576537115,2.7443715215453307e-17,0.9999999997812058
655,3,Healthy brain area,21.713483146067414,38.3307887835167,-3.991813122247754e-17,0.9999999997241947
656,4,Eyes closed,-2.6292134831460676,28.375643148667,-1.995906561123877e-17,0.9999999996823701
657,5,Eyes open,-31.01685393258427,80.77124548976218,0.0,0.9999999998283073
658,3,Healthy brain area,-16.696629213483146,30.2020925290315,-1.995906561123877e-17,0.9999999996890296
659,5,Eyes open,9.303370786516854,27.52441387975982,-4.989766402809692e-17,0.9999999996254898
660,1,Seizure activity (ictal),-81.16292134831461,170.04296012506646,2.993859841685815e-17,0.9999999999415462
661,1,Seizure activity (ictal),-52.57865168539326,93.81452532644927,-3.991813122247754e-17,0.9999999999208239
662,3,Healthy brain area,-70.62359550561797,55.820528064185076,-1.995906561123877e-17,0.9999999998118327
663,5,Eyes open,-49.19101123595506,32.99365836393153,-1.995906561123877e-17,0.9999999997079669
664,3,Healthy brain area,-12.235955056179776,67.99496387033614,2.993859841685815e-17,0.9999999998541496
665,3,Healthy brain area,-2.842696629213483,43.871850890899964,0.0,0.9999999997862561
666,3,Healthy brain area,-19.286516853932586,21.29888793325924,-5.98771968337163e-17,0.999999999485191
667,4,Eyes closed,-33.39325842696629,71.85380256684567,-3.991813122247754e-17,0.9999999998490448
668,3,Healthy brain area,-58.52808988764045,32.000031561655945,0.0,0.9999999997132846
669,2,Tumor area,-32.56741573033708,154.76146362599002,-7.983626244495507e-17,0.9999999999482883
670,5,Eyes open,-82.35955056179775,20.486360050350868,5.98771968337163e-17,0.9999999995198182
671,5,Eyes open,0.9662921348314607,31.691259716702827,-1.995906561123877e-17,0.9999999996687945
672,4,Eyes closed,-15.797752808988765,42.72611489272734,-7.983626244495507e-17,0.9999999998537209
673,5,Eyes open,9.320224719101123,40.633242271292985,0.0,0.9999999997468098
674,2,Tumor area,-21.280898876404493,32.09798508291498,3.991813122247754e-17,0.9999999997846054
675,3,Healthy brain area,20.191011235955056,48.381995073498246,3.991813122247754e-17,0.9999999997625519
676,5,Eyes open,-77.85955056179775,25.730833246773923,4.989766402809692e-17,0.9999999995227984
677,3,Healthy brain area,-23.191011235955056,43.95717435901775,5.98771968337163e-17,0.9999999997724912
678,5,Eyes open,-76.79213483146067,22.55695774331073,3.991813122247754e-17,0.9999999995546829
679,4,Eyes closed,-63.12921348314607,45.889708283532194,-1.995906561123877e-17,0.9999999997477829
680,3,Healthy brain area,-9.308988764044944,77.40989708295143,-4.989766402809692e-18,0.9999999998621749
681,5,Eyes open,-2.2191011235955056,42.77813517008687,0.0,0.9999999997629653
682,5,Eyes open,-2.9269662921348316,36.58728600946222,0.0,0.9999999997539063
683,1,Seizure activity (ictal),21.6123595505618,458.50306171284234,3.991813122247754e-17,0.999999999979927
684,2,Tumor area,-18.10674157303371,49.67970285639305,-1.995906561123877e-17,0.9999999997772624
685,3,Healthy brain area,55.668539325842694,65.45053213147618,-7.983626244495507e-17,0.9999999998654917
686,1,Seizure activity (ictal),-13.50561797752809,280.1231119233236,0.0,0.9999999999674002
687,1,Seizure activity (ictal),29.629213483146067,654.7469943133017,1.247441600702423e-17,0.9999999999849085
688,1,Seizure activity (ictal),-33.80898876404494,164.91072671106227,1.995906561123877e-17,0.9999999999428775
689,1,Seizure activity (ictal),-22.320224719101123,439.08137473127294,-3.991813122247754e-17,0.9999999999775483
690,5,Eyes open,4.089887640449438,28.532906470823622,-1.995906561123877e-17,0.9999999996684297
691,5,Eyes open,13.724719101123595,33.846440341600186,3.991813122247754e-17,0.9999999997353624
692,2,Tumor area,-31.713483146067414,111.21697559680986,-3.4928364819667845e-17,0.9999999998575738
693,2,Tumor area,27.151685393258425,27.323376057543136,0.0,0.9999999996371798
694,2,Tumor area,-26.4438202247191,22.178278952975486,-2.993859841685815e-17,0.9999999995395086
695,5,Eyes open,-49.91011235955056,31.352522773407536,-7.983626244495507e-17,0.9999999997414278
696,3,Healthy brain area,39.76966292134831,63.07706879486035,-1.995906561123877e-17,0.9999999998520468
697,1,Seizure activity (ictal),-0.5393258426966292,259.83335438119514,0.0,0.9999999999637806
698,5,Eyes open,-8.657303370786517,43.01542024954592,-7.983626244495507e-17,0.9999999997123683
699,4,Eyes closed,-6.567415730337078,51.22037049842287,-3.991813122247754e-17,0.9999999998100221
700,1,Seizure activity (ictal),-17.853932584269664,596.5531621687405,-1.995906561123877e-17,0.9999999999839398
701,4,Eyes closed,-3.848314606741573,56.34778165251449,-3.991813122247754e-17,0.9999999998256968
702,4,Eyes closed,19.45505617977528,45.10326107753524,0.0,0.9999999998044138
703,4,Eyes closed,0.12359550561797752,42.89779340720418,2.494883201404846e-18,0.9999999997655898
704,1,Seizure activity (ictal),-52.80898876404494,464.21472599360146,-3.991813122247754e-17,0.9999999999820977
705,2,Tumor area,52.674157303370784,136.6753123923567,1.995906561123877e-17,0.9999999999208685
706,3,Healthy brain area,-30.48314606741573,73.59708292331538,-3.742324802107269e-18,0.9999999998598853
707,5,Eyes open,-69.14606741573034,22.044159236516446,1.197543936674326e-16,0.9999999996934228
708,4,Eyes closed,-57.42134831460674,69.5397953675094,0.0,0.9999999998620541
709,3,Healthy brain area,-10.47752808988764,26.341790836073734,0.0,0.9999999996163126
710,5,Eyes open,14.106741573033707,41.98441202908048,1.995906561123877e-17,0.9999999996685153
711,2,Tumor area,-1.3876404494382022,76.06857686697808,3.991813122247754e-17,0.9999999998746046
712,1,Seizure activity (ictal),108.07865168539325,170.13472683313816,3.991813122247754e-17,0.9999999999523916
713,2,Tumor area,-1.6067415730337078,26.29419467586556,2.494883201404846e-17,0.9999999996625323
714,5,Eyes open,1.5617977528089888,34.86650466177937,-1.995906561123877e-17,0.9999999997218907
715,1,Seizure activity (ictal),-20.073033707865168,96.51308494164881,-3.991813122247754e-17,0.9999999998954391
716,4,Eyes closed,-7.230337078651686,53.95709678202493,3.991813122247754e-17,0.9999999998654001
717,5,Eyes open,0.43820224719101125,40.71053063561385,-3.991813122247754e-17,0.9999999998012883
718,5,Eyes open,-24.280898876404493,29.24306842445598,1.995906561123877e-17,0.9999999996636137
719,5,Eyes open,-18.747191011235955,37.01272356356296,-1.247441600702423e-18,0.9999999997430215
720,1,Seizure activity (ictal),-1.6629213483146068,83.96099198875265,0.0,0.9999999998914014
721,5,Eyes open,-32.78089887640449,51.51657609619614,-1.995906561123877e-17,0.9999999997906115
722,3,Healthy brain area,-13.803370786516854,32.84079044005619,-1.995906561123877e-17,0.9999999997181604
723,4,Eyes closed,-0.7640449438202247,34.01867381171836,-4.989766402809692e-18,0.9999999996689736
724,4,Eyes closed,4.241573033707865,35.009357686416536,0.0,0.9999999997407304
725,3,Healthy brain area,-39.00561797752809,37.855653874105535,0.0,0.9999999997454682
726,1,Seizure activity (ictal),-28.0561797752809,545.8102493582427,3.991813122247754e-17,0.9999999999888952
727,4,Eyes closed,13.123595505617978,64.63429016956886,3.991813122247754e-17,0.9999999998601599
728,3,Healthy brain area,-59.69101123595506,105.88349558974356,-3.991813122247754e-17,0.9999999999142068
729,3,Healthy brain area,-23.174157303370787,73.11732918082453,8.732091204916961e-18,0.9999999998624833
730,4,Eyes closed,-6.224719101123595,52.47851412860138,3.991813122247754e-17,0.9999999998100043
731,1,Seizure activity (ictal),-5.915730337078652,382.797653415511,-3.991813122247754e-17,0.9999999999775018
732,1,Seizure activity (ictal),-11.955056179775282,126.53603742242713,0.0,0.9999999999257898
733,3,Healthy brain area,-16.43820224719101,35.98874825917771,0.0,0.999999999718836
734,2,Tumor area,-9.561797752808989,39.23823950516529,-3.4928364819667845e-17,0.9999999997371309
735,5,Eyes open,17.578651685393258,44.35716876282748,-2.993859841685815e-17,0.9999999997238859
736,2,Tumor area,-41.831460674157306,36.96209292771133,3.991813122247754e-17,0.9999999996792026
737,4,Eyes closed,-7.089887640449438,62.91596686457444,1.4969299208429077e-17,0.9999999998499176
738,4,Eyes closed,-55.58988764044944,29.64367619222728,-3.991813122247754e-17,0.9999999997037909
739,3,Healthy brain area,49.26966292134831,64.67034192429693,3.991813122247754e-17,0.9999999998051958
740,1,Seizure activity (ictal),-6.247191011235955,607.2943917264893,0.0,0.9999999999839458
741,3,Healthy brain area,-9.589887640449438,50.291457368593306,-1.197543936674326e-16,0.9999999998224386
742,1,Seizure activity (ictal),-37.19662921348315,291.22856885010526,-3.4928364819667845e-17,0.9999999999659819
743,5,Eyes open,-41.51123595505618,24.993311187003467,-4.989766402809692e-18,0.9999999996110192
744,4,Eyes closed,-48.02247191011236,33.74806778591804,7.983626244495507e-17,0.9999999997244137
745,4,Eyes closed,-56.58988764044944,74.52309278615819,9.979532805619384e-18,0.9999999998591755
746,2,Tumor area,-1.0168539325842696,23.075224984380714,-1.995906561123877e-17,0.9999999994129076
747,1,Seizure activity (ictal),-25.668539325842698,129.7094298855608,-3.991813122247754e-17,0.9999999999455835
748,1,Seizure activity (ictal),-39.58426966292135,461.78483264683877,3.991813122247754e-17,0.9999999999800738
749,5,Eyes open,-34.12921348314607,52.467862185367714,3.991813122247754e-17,0.9999999998029118
750,2,Tumor area,4.752808988764045,62.50560080951963,0.0,0.9999999998621605
751,2,Tumor area,-20.882022471910112,49.62265036873255,2.993859841685815e-17,0.9999999998029925
752,5,Eyes open,14.831460674157304,46.5044968116969,1.197543936674326e-16,0.9999999997917098
753,3,Healthy brain area,22.275280898876403,21.815558724203825,6.237208003512116e-17,0.9999999995566018
754,5,Eyes open,7.882022471910112,35.11926089480312,0.0,0.9999999997400801
755,1,Seizure activity (ictal),10.98314606741573,210.03355737015679,0.0,0.9999999999510185
756,3,Healthy brain area,-13.887640449438202,20.881386906803442,1.197543936674326e-16,0.9999999995404413
757,3,Healthy brain area,-15.252808988764045,63.854804733983805,-3.991813122247754e-17,0.9999999998530045
758,3,Healthy brain area,-6.224719101123595,36.352287784516214,0.0,0.9999999997609694
759,3,Healthy brain area,-24.123595505617978,77.2386234268199,-3.991813122247754e-17,0.999999999794137
760,3,Healthy brain area,-25.174157303370787,50.85734626613625,-2.2453948812643615e-17,0.9999999997784877
761,4,Eyes closed,-16.01123595505618,115.27992257071747,-3.991813122247754e-17,0.999999999923213
762,4,Eyes closed,8.5561797752809,80.8609549464022,3.991813122247754e-17,0.9999999998882612
763,2,Tumor area,-31.837078651685392,28.2278326352901,-2.993859841685815e-17,0.9999999995905795
764,2,Tumor area,7.370786516853933,50.971215058598816,3.991813122247754e-17,0.9999999998253737
765,1,Seizure activity (ictal),-16.280898876404493,381.743074630576,-1.995906561123877e-17,0.9999999999757964
766,4,Eyes closed,1.5393258426966292,31.53277452442828,4.989766402809692e-17,0.9999999996900721
767,5,Eyes open,1.3707865168539326,40.94265159471367,0.0,0.9999999997405066
768,4,Eyes closed,-75.32022471910112,46.14210750868191,0.0,0.9999999997834326
769,4,Eyes closed,-2.848314606741573,52.24848282805547,2.993859841685815e-17,0.9999999998142479
770,3,Healthy brain area,54.348314606741575,30.913834989995387,0.0,0.9999999997083908
771,3,Healthy brain area,22.89325842696629,50.76498903628921,0.0,0.9999999998184896
772,3,Healthy brain area,12.539325842696629,55.9265280825275,0.0,0.9999999998213827
773,4,Eyes closed,1.646067415730337,57.37099364226728,2.993859841685815e-17,0.9999999998342535
774,5,Eyes open,-46.40449438202247,49.14967260195313,-3.991813122247754e-17,0.9999999998249496
775,2,Tumor area,-3.393258426966292,60.82071977994993,1.995906561123877e-17,0.999999999829911
776,3,Healthy brain area,-8.039325842696629,17.51992841538867,-7.983626244495507e-17,0.9999999994843952
777,4,Eyes closed,-81.93258426966293,43.61238813616526,3.991813122247754e-17,0.9999999997844649
778,4,Eyes closed,-8.97752808988764,40.92744402950833,0.0,0.9999999997926607
779,4,Eyes closed,17.60674157303371,65.68876530378282,-2.993859841685815e-17,0.9999999998802914
780,4,Eyes closed,-40.97191011235955,91.9064271190523,3.991813122247754e-17,0.9999999999121119
781,3,Healthy brain area,-43.10112359550562,76.88128086245793,3.991813122247754e-17,0.9999999998716022
782,5,Eyes open,-2.1292134831460676,44.02782751863422,-3.991813122247754e-17,0.999999999728725
783,4,Eyes closed,18.528089887640448,34.385648262957474,1.995906561123877e-17,0.9999999997394691
784,3,Healthy brain area,-19.651685393258425,69.18296879519376,-3.742324802107269e-17,0.9999999998525753
785,2,Tumor area,-17.084269662921347,69.24041068377352,1.995906561123877e-17,0.9999999998221041
786,3,Healthy brain area,-69.74157303370787,50.71057511985285,-3.991813122247754e-17,0.9999999997051606
787,4,Eyes closed,-12.786516853932584,43.35261015174077,-1.995906561123877e-17,0.9999999997491079
788,5,Eyes open,-54.46067415730337,51.865005452200116,7.484649604214538e-18,0.9999999998036138
789,2,Tumor area,-31.758426966292134,23.952740496670646,3.991813122247754e-17,0.9999999996703381
790,3,Healthy brain area,-33.5,63.872524908619724,-2.993859841685815e-17,0.9999999998459242
791,1,Seizure activity (ictal),25.53932584269663,241.07358455994142,-3.991813122247754e-17,0.9999999999484208
792,1,Seizure activity (ictal),-13.606741573033707,128.44000199258238,-2.993859841685815e-17,0.9999999999211954
793,5,Eyes open,0.1853932584269663,31.58285714267767,7.983626244495507e-17,0.9999999997279431
794,4,Eyes closed,1.8202247191011236,48.964458974302275,-3.991813122247754e-17,0.999999999791019
795,4,Eyes closed,-64.8932584269663,55.99703904241264,7.983626244495507e-17,0.9999999998689362
796,3,Healthy brain area,-9.342696629213483,27.507516389102275,-3.118604001756058e-17,0.9999999996310024
797,3,Healthy brain area,-16.426966292134832,35.44068874734948,7.983626244495507e-17,0.9999999997468159
798,3,Healthy brain area,-9.668539325842696,21.534065489779593,7.983626244495507e-17,0.9999999995687178
799,4,Eyes closed,-8.4438202247191,47.83397893194818,1.995906561123877e-17,0.9999999998039468
800,2,Tumor area,35.550561797752806,22.725282280767452,7.983626244495507e-17,0.9999999996619181
801,3,Healthy brain area,1.747191011235955,123.51749236070118,3.991813122247754e-17,0.9999999999094019
802,1,Seizure activity (ictal),-60.174157303370784,140.0819102502034,-5.98771968337163e-17,0.9999999999307888
803,3,Healthy brain area,-81.10112359550561,14.89592730993698,-3.991813122247754e-17,0.9999999993270778
804,2,Tumor area,-20.44943820224719,40.79959551351466,4.989766402809692e-18,0.999999999751684
805,2,Tumor area,-34.57865168539326,48.05248762261298,0.0,0.99999999982493
806,1,Seizure activity (ictal),12.269662921348315,135.4065259945356,-1.995906561123877e-17,0.9999999999267183
807,1,Seizure activity (ictal),-34.96067415730337,204.57012649877618,2.993859841685815e-17,0.9999999999521704
808,4,Eyes closed,-55.30337078651685,108.7175915284133,3.991813122247754e-17,0.9999999999087437
809,5,Eyes open,16.01123595505618,42.145412903535465,9.979532805619384e-18,0.9999999997782285
810,1,Seizure activity (ictal),17.179775280898877,311.25534377607556,3.991813122247754e-17,0.9999999999747489
811,3,Healthy brain area,-62.342696629213485,39.745121635891195,3.991813122247754e-17,0.9999999997925514
812,2,Tumor area,-10.269662921348315,26.126857353445263,-7.983626244495507e-17,0.9999999996589699
813,5,Eyes open,-7.98314606741573,26.613647491444855,-7.983626244495507e-17,0.9999999995394016
814,4,Eyes closed,18.084269662921347,90.70125477481022,0.0,0.9999999998912266
815,3,Healthy brain area,-56.5,52.14384275327866,5.98771968337163e-17,0.9999999998091517
816,3,Healthy brain area,-38.81460674157304,46.25411503239055,-3.991813122247754e-17,0.9999999997318612
817,5,Eyes open,-45.87640449438202,24.31179499412547,0.0,0.9999999996475647
818,3,Healthy brain area,22.078651685393258,34.544947017967516,-7.983626244495507e-17,0.9999999997106066
819,4,Eyes closed,-13.882022471910112,50.57870285432853,7.983626244495507e-17,0.9999999998040332
820,5,Eyes open,-21.696629213483146,39.5793625983792,1.197543936674326e-16,0.9999999997144735
821,2,Tumor area,-1.2865168539325842,68.73391078908631,-3.4928364819667845e-17,0.9999999998548899
822,5,Eyes open,-12.146067415730338,20.021926498580406,-1.995906561123877e-17,0.9999999994841126
823,3,Healthy brain area,-66.61797752808988,37.571955121339435,3.991813122247754e-17,0.9999999997141661
824,4,Eyes closed,-12.544943820224718,91.81264938337526,1.0603253605970596e-17,0.9999999998909604
825,4,Eyes closed,0.3595505617977528,46.516336912938506,-1.995906561123877e-17,0.9999999997827896
826,3,Healthy brain area,54.348314606741575,63.06909019170078,-3.991813122247754e-17,0.9999999998531579
827,3,Healthy brain area,-29.662921348314608,30.302943758890617,4.989766402809692e-18,0.999999999636803
828,5,Eyes open,-80.58426966292134,23.146484669523694,2.8691156816155733e-17,0.9999999996100957
829,1,Seizure activity (ictal),-5.455056179775281,149.12475247348354,5.98771968337163e-17,0.9999999999379341
830,3,Healthy brain area,-16.859550561797754,40.43065145809668,7.983626244495507e-17,0.9999999997777613
831,2,Tumor area,-14.101123595505618,49.22706959346661,3.991813122247754e-17,0.9999999997891306
832,4,Eyes closed,-1.9775280898876404,52.129587347644794,1.995906561123877e-17,0.9999999998365136
833,1,Seizure activity (ictal),-31.764044943820224,503.9468498475597,-3.991813122247754e-17,0.9999999999839174
834,3,Healthy brain area,24.06179775280899,33.96547488860614,0.0,0.9999999997443064
835,1,Seizure activity (ictal),-40.0,246.6595251522118,3.991813122247754e-17,0.9999999999647083
836,3,Healthy brain area,-57.668539325842694,108.00487514538314,0.0,0.9999999999071418
837,5,Eyes open,-13.92134831460674,41.90015545789217,-7.983626244495507e-17,0.9999999997341624
838,2,Tumor area,7.438202247191011,37.791698469010086,-3.991813122247754e-17,0.9999999997634658
839,3,Healthy brain area,-13.404494382022472,58.67090067948594,0.0,0.9999999998331359
840,1,Seizure activity (ictal),24.674157303370787,534.021519898007,9.979532805619384e-18,0.9999999999828879
841,5,Eyes open,-6.741573033707865,45.62931447105686,-1.4969299208429077e-17,0.9999999997896848
842,5,Eyes open,-9.634831460674157,37.047893694767396,-3.991813122247754e-17,0.9999999997720082
843,2,Tumor area,-17.5561797752809,51.689106180755665,-1.995906561123877e-17,0.9999999997982287
844,2,Tumor area,23.05056179775281,18.8954166227502,0.0,0.9999999994505601
845,1,Seizure activity (ictal),21.96629213483146,291.7879000902209,-1.995906561123877e-17,0.9999999999665389
846,3,Healthy brain area,-20.651685393258425,41.330838698198804,-1.559302000878029e-17,0.9999999997537518
847,5,Eyes open,-26.05056179775281,29.856825480520712,3.991813122247754e-17,0.9999999996944849
848,2,Tumor area,90.53370786516854,92.774048875096,0.0,0.9999999998720263
849,3,Healthy brain area,1.803370786516854,81.89044881190557,4.989766402809692e-18,0.9999999998630744
850,5,Eyes open,-18.264044943820224,46.98736322395153,-3.991813122247754e-17,0.9999999997897976
851,2,Tumor area,-39.38202247191011,93.04819406297747,5.98771968337163e-17,0.9999999998831743
852,3,Healthy brain area,-6.96067415730337,50.848459850898465,-2.993859841685815e-17,0.9999999998020795
853,2,Tumor area,-14.730337078651685,41.1245748026088,0.0,0.9999999997615806
854,3,Healthy brain area,62.42134831460674,32.63308093355201,1.995906561123877e-17,0.9999999997123734
855,4,Eyes closed,-10.544943820224718,114.30420039195425,0.0,0.999999999913989
856,1,Seizure activity (ictal),-15.382022471910112,392.05067333614585,0.0,0.9999999999828159
857,5,Eyes open,9.825842696629213,47.63470557116587,3.991813122247754e-17,0.9999999997886424
858,2,Tumor area,-31.49438202247191,41.63920030627622,1.995906561123877e-17,0.9999999997733782
859,1,Seizure activity (ictal),-55.056179775280896,121.90826902764223,-1.995906561123877e-17,0.9999999999150723
860,1,Seizure activity (ictal),49.3876404494382,129.44354226363848,5.98771968337163e-17,0.9999999999254662
861,2,Tumor area,63.54494382022472,57.366265605242475,7.983626244495507e-17,0.9999999998446453
862,1,Seizure activity (ictal),96.53932584269663,165.53814565519707,7.983626244495507e-17,0.9999999999381323
863,5,Eyes open,-12.629213483146067,46.96720874327322,-3.991813122247754e-17,0.9999999997834259
864,3,Healthy brain area,2.1853932584269664,23.00645757203588,1.197543936674326e-16,0.9999999994772695
865,5,Eyes open,1.3146067415730338,20.04774946354859,3.991813122247754e-17,0.9999999995611235
866,4,Eyes closed,-20.146067415730336,50.01023503374371,3.991813122247754e-17,0.9999999998027699
867,5,Eyes open,-21.617977528089888,36.24712483537081,2.993859841685815e-17,0.999999999742062
868,4,Eyes closed,72.75280898876404,59.550899935440256,0.0,0.9999999998207428
869,4,Eyes closed,-4.584269662921348,53.444249853881715,3.991813122247754e-17,0.9999999998125305
870,3,Healthy brain area,29.713483146067414,44.50946040333205,-1.197543936674326e-16,0.99999999976024
871,2,Tumor area,-1.398876404494382,38.162918040216404,-1.995906561123877e-17,0.9999999997489488
872,4,Eyes closed,-11.308988764044944,52.04341346889399,1.995906561123877e-17,0.9999999998233736
873,5,Eyes open,19.247191011235955,43.88424018999762,-3.991813122247754e-17,0.9999999997578689
874,2,Tumor area,-2.202247191011236,54.87916855253502,1.995906561123877e-17,0.9999999998292001
875,1,Seizure activity (ictal),7.52808988764045,213.06498401474937,7.983626244495507e-17,0.9999999999578357
876,4,Eyes closed,10.325842696629213,100.90626145992107,3.991813122247754e-17,0.9999999999073836
877,3,Healthy brain area,4.657303370786517,24.338448740834192,5.98771968337163e-17,0.9999999995915959
878,1,Seizure activity (ictal),21.89325842696629,395.7619515745567,9.979532805619384e-18,0.9999999999748386
879,2,Tumor area,13.382022471910112,26.833655547966455,0.0,0.9999999995168446
880,3,Healthy brain area,-2.9831460674157304,67.46080632561592,7.983626244495507e-17,0.9999999998616864
881,3,Healthy brain area,-31.03932584269663,57.108841712931834,0.0,0.999999999814719
882,4,Eyes closed,16.53370786516854,28.179231510084282,-2.494883201404846e-17,0.9999999996409563
883,5,Eyes open,4.837078651685394,44.55222130182061,3.991813122247754e-17,0.9999999997878313
884,5,Eyes open,-25.337078651685392,42.9195599368585,-2.993859841685815e-17,0.999999999746151
885,3,Healthy brain area,-2.050561797752809,13.841507545966858,-3.991813122247754e-17,0.9999999992969347
886,1,Seizure activity (ictal),53.31460674157304,381.42946969058494,-3.991813122247754e-17,0.999999999976297
887,2,Tumor area,-10.49438202247191,14.35592787205139,1.995906561123877e-17,0.9999999993338546
888,4,Eyes closed,1.8876404494382022,46.47566433448152,7.983626244495507e-17,0.9999999998092265
889,1,Seizure activity (ictal),61.651685393258425,140.53338210519055,-3.991813122247754e-17,0.9999999999413253
890,2,Tumor area,4.48876404494382,17.929712570324085,-7.983626244495507e-17,0.9999999995047727
891,2,Tumor area,-22.39887640449438,42.34639656580379,-9.979532805619384e-18,0.9999999997280554
892,5,Eyes open,6.01123595505618,46.39691833577619,-7.983626244495507e-17,0.9999999997958472
893,2,Tumor area,4.157303370786517,22.355100906692766,-1.995906561123877e-17,0.9999999995410502
894,2,Tumor area,-26.53932584269663,77.25771205164973,-3.991813122247754e-17,0.9999999998734324
895,5,Eyes open,4.376404494382022,51.96335035706191,0.0,0.999999999785156
896,1,Seizure activity (ictal),-42.81460674157304,141.56284351145112,3.991813122247754e-17,0.9999999999324297
897,3,Healthy brain area,-8.775280898876405,45.41314782865875,9.979532805619384e-18,0.9999999997836616
898,1,Seizure activity (ictal),-59.87078651685393,223.14581855276526,3.991813122247754e-17,0.999999999954381
899,1,Seizure activity (ictal),-42.1123595505618,457.07995853999864,4.989766402809692e-17,0.9999999999779476
900,3,Healthy brain area,1.0224719101123596,50.833497212305595,-2.7443715215453307e-17,0.9999999997946785
901,4,Eyes closed,-12.117977528089888,60.829034798863056,1.4969299208429077e-17,0.9999999998304128
902,1,Seizure activity (ictal),-37.7247191011236,123.31578881468711,1.4969299208429077e-17,0.9999999999189036
903,2,Tumor area,58.0,41.465160684142994,2.1206507211941192e-17,0.9999999997826018
904,1,Seizure activity (ictal),-5.241573033707865,269.21730720071093,3.991813122247754e-17,0.9999999999650772
905,4,Eyes closed,-12.584269662921349,67.3025716971564,-5.98771968337163e-17,0.9999999998542661
906,1,Seizure activity (ictal),-30.95505617977528,110.52768325885546,3.991813122247754e-17,0.9999999999202959
907,4,Eyes closed,16.1123595505618,45.18052135780262,3.4928364819667845e-17,0.9999999997772713
908,4,Eyes closed,-16.258426966292134,104.35538115044022,7.983626244495507e-17,0.9999999999204149
909,4,Eyes closed,-51.80337078651685,54.026217001278724,0.0,0.9999999998445709
910,3,Healthy brain area,-12.117977528089888,26.740799370358907,-1.995906561123877e-17,0.9999999996274823
911,3,Healthy brain area,21.882022471910112,49.419695527410596,0.0,0.9999999998076691
912,4,Eyes closed,-6.707865168539326,64.20520162469091,-1.995906561123877e-17,0.999999999841099
913,1,Seizure activity (ictal),-59.19662921348315,355.3176306353559,5.98771968337163e-17,0.9999999999732162
914,4,Eyes closed,-13.42134831460674,43.5402047754706,3.991813122247754e-17,0.9999999997873973
915,4,Eyes closed,75.92134831460675,47.83932018209936,1.995906561123877e-17,0.9999999997794816
916,2,Tumor area,-10.853932584269662,25.13538647154857,2.993859841685815e-17,0.9999999996279617
917,3,Healthy brain area,-20.53932584269663,16.911239650356922,0.0,0.9999999993613407
918,1,Seizure activity (ictal),-48.556179775280896,270.22246284885813,-7.983626244495507e-17,0.9999999999682178
919,5,Eyes open,-81.67977528089888,23.14982311081147,3.991813122247754e-17,0.9999999995891304
920,5,Eyes open,18.870786516853933,55.365690715190716,-3.991813122247754e-17,0.999999999787364
921,3,Healthy brain area,-16.730337078651687,28.12083239331865,1.995906561123877e-17,0.9999999996930434
922,5,Eyes open,77.67977528089888,48.63396575099138,-3.991813122247754e-17,0.9999999998071595
923,3,Healthy brain area,-11.646067415730338,40.601288395397525,0.0,0.9999999997558282
924,3,Healthy brain area,-6.410112359550562,72.70770564072241,-7.983626244495507e-17,0.9999999998795338
925,5,Eyes open,-20.691011235955056,55.62656414253215,-1.995906561123877e-17,0.999999999798589
926,4,Eyes closed,-49.17977528089887,44.82213583290804,5.98771968337163e-17,0.9999999997856133
927,2,Tumor area,49.668539325842694,38.07956217145625,9.979532805619384e-18,0.9999999997297873
928,3,Healthy brain area,10.769662921348315,28.516460472223862,1.995906561123877e-17,0.9999999997077765
929,3,Healthy brain area,-7.53932584269663,42.64303259336741,0.0,0.9999999997727221
930,4,Eyes closed,-26.241573033707866,50.81739795192407,1.995906561123877e-17,0.9999999997787951
931,5,Eyes open,8.51123595505618,33.2145288982561,1.995906561123877e-17,0.9999999996941902
932,2,Tumor area,-32.640449438202246,22.61561913836295,-7.983626244495507e-17,0.9999999996460495
933,5,Eyes open,14.865168539325843,26.66950916971696,-1.995906561123877e-17,0.9999999996283128
934,1,Seizure activity (ictal),82.79775280898876,296.4914186671593,7.983626244495507e-17,0.9999999999745128
935,4,Eyes closed,6.634831460674158,28.680266093149164,0.0,0.9999999996993674
936,2,Tumor area,-22.247191011235955,22.124408656543046,3.991813122247754e-17,0.9999999995176823
937,2,Tumor area,-26.724719101123597,44.980614503371015,9.979532805619384e-18,0.9999999997776321
938,4,Eyes closed,2.146067415730337,34.716524758050795,7.983626244495507e-17,0.999999999754723
939,1,Seizure activity (ictal),5.679775280898877,88.69987102048472,-3.991813122247754e-17,0.9999999999096286
940,2,Tumor area,-1.5168539325842696,64.16868786613773,7.983626244495507e-17,0.9999999998196794
941,1,Seizure activity (ictal),-112.56741573033707,92.37611476304255,-7.983626244495507e-17,0.9999999999262658
942,1,Seizure activity (ictal),2.292134831460674,519.7120248893069,-2.993859841685815e-17,0.9999999999806686
943,1,Seizure activity (ictal),26.713483146067414,366.645562457655,-7.983626244495507e-17,0.999999999978589
944,5,Eyes open,-61.6123595505618,20.7383719698681,5.98771968337163e-17,0.9999999995709047
945,3,Healthy brain area,-46.88202247191011,103.2538739505557,0.0,0.9999999999345616
946,3,Healthy brain area,-63.36516853932584,27.559666022354648,3.4928364819667845e-17,0.9999999996276787
947,3,Healthy brain area,17.84269662921348,48.84426038444509,1.995906561123877e-17,0.999999999800429
948,3,Healthy brain area,48.78089887640449,35.05905571968626,-3.991813122247754e-17,0.9999999997533416
949,2,Tumor area,-12.073033707865168,52.949735045214474,-2.494883201404846e-18,0.9999999998027347
950,1,Seizure activity (ictal),39.96629213483146,116.67995692031214,4.989766402809692e-18,0.9999999999176847
951,5,Eyes open,-60.264044943820224,23.159509160111877,1.995906561123877e-17,0.999999999555784
952,1,Seizure activity (ictal),7.904494382022472,491.3990882290939,-1.995906561123877e-17,0.9999999999795859
953,4,Eyes closed,-5.01123595505618,58.1872209573724,3.991813122247754e-17,0.9999999998373796
954,3,Healthy brain area,-2.1235955056179776,47.25363554760202,3.991813122247754e-17,0.9999999997738201
955,4,Eyes closed,-0.16292134831460675,92.52671267130297,3.991813122247754e-17,0.9999999999037197
956,3,Healthy brain area,53.859550561797754,44.36743217722041,-1.995906561123877e-17,0.9999999997791598
957,5,Eyes open,-7.157303370786517,47.30522428245726,-7.983626244495507e-17,0.9999999997830764
958,1,Seizure activity (ictal),-16.47752808988764,290.5685477743374,7.983626244495507e-17,0.9999999999671403
959,4,Eyes closed,-77.07865168539325,23.82979190953439,3.991813122247754e-17,0.9999999995594765
960,2,Tumor area,6.792134831460674,58.35821716924559,-3.991813122247754e-17,0.999999999818174
961,2,Tumor area,-1.4831460674157304,61.78625940107086,-1.4969299208429077e-17,0.9999999998306434
962,5,Eyes open,-14.219101123595506,29.446624256286114,-3.991813122247754e-17,0.999999999692779
963,1,Seizure activity (ictal),-37.146067415730336,125.38825550810667,-1.995906561123877e-17,0.9999999999236224
964,1,Seizure activity (ictal),-12.207865168539326,347.0935445988359,0.0,0.9999999999722691
965,1,Seizure activity (ictal),-32.06741573033708,243.88417299435767,3.991813122247754e-17,0.9999999999573868
966,3,Healthy brain area,6.938202247191011,65.1946230732793,0.0,0.9999999998460337
967,4,Eyes closed,-15.640449438202246,62.47143116783508,-4.490789762528723e-17,0.9999999998359098
968,1,Seizure activity (ictal),-10.98314606741573,344.1716725202456,3.991813122247754e-17,0.9999999999775476
969,3,Healthy brain area,-20.584269662921347,38.17355664218097,0.0,0.9999999995947099
970,5,Eyes open,0.7471910112359551,31.052838585939508,-4.989766402809692e-17,0.9999999997188493
971,3,Healthy brain area,-21.747191011235955,44.125435580210315,1.4969299208429077e-17,0.9999999997328933
972,1,Seizure activity (ictal),74.30898876404494,484.9058868818621,-3.991813122247754e-17,0.9999999999793057
973,3,Healthy brain area,29.48314606741573,44.30350186771594,0.0,0.9999999997204496
974,5,Eyes open,-41.95505617977528,28.212639653758007,3.991813122247754e-17,0.9999999996033367
975,4,Eyes closed,25.848314606741575,53.89121921422269,3.991813122247754e-17,0.9999999998312202
976,5,Eyes open,-9.567415730337078,40.009948974187104,5.551115123125783e-17,0.9999999997264973
977,2,Tumor area,-0.4606741573033708,81.3252667703946,0.0,0.9999999998851643
978,5,Eyes open,-49.52808988764045,48.78722200723188,-3.991813122247754e-17,0.9999999998342782
979,2,Tumor area,-13.651685393258427,27.617207273887917,3.991813122247754e-17,0.9999999996661442
980,4,Eyes closed,-51.96629213483146,35.016352339950494,9.979532805619384e-18,0.9999999997173752
981,3,Healthy brain area,26.230337078651687,19.180332298408942,0.0,0.9999999995421869
982,5,Eyes open,-11.741573033707866,30.714169072192526,-1.995906561123877e-17,0.9999999996820431
983,1,Seizure activity (ictal),-22.55056179775281,79.3010918830358,2.993859841685815e-17,0.9999999998713588
984,5,Eyes open,-30.365168539325843,41.63668866455548,0.0,0.9999999997149857
985,3,Healthy brain area,32.02247191011236,57.8977163835413,1.995906561123877e-17,0.9999999998444984
986,2,Tumor area,-62.04494382022472,71.16879920339406,1.995906561123877e-17,0.9999999998192384
987,3,Healthy brain area,-15.786516853932584,31.253753719762344,3.991813122247754e-17,0.9999999996610887
988,1,Seizure activity (ictal),28.89887640449438,332.21804958588217,0.0,0.9999999999746406
989,3,Healthy brain area,41.32022471910113,39.36309992752804,0.0,0.9999999996372363
990,3,Healthy brain area,20.95505617977528,73.37052497501435,3.991813122247754e-17,0.9999999997688895
991,1,Seizure activity (ictal),-59.07865168539326,511.6550963629084,-4.989766402809692e-17,0.9999999999807295
992,1,Seizure activity (ictal),-15.719101123595506,245.16178967835333,3.991813122247754e-17,0.9999999999677147
993,3,Healthy brain area,-12.848314606741573,71.38386909395126,3.991813122247754e-17,0.9999999998551733
994,4,Eyes closed,-2.348314606741573,73.31341081292439,1.4969299208429077e-17,0.9999999998579503
995,4,Eyes closed,-12.758426966292134,39.70145699358155,3.991813122247754e-17,0.9999999997599754
996,4,Eyes closed,-0.7921348314606742,42.52912478517582,3.991813122247754e-17,0.9999999998279945
997,3,Healthy brain area,-7.938202247191011,26.780245971539816,3.991813122247754e-17,0.9999999995697573
998,4,Eyes closed,-52.48314606741573,41.781564764225905,1.995906561123877e-17,0.999999999764546
999,4,Eyes closed,-57.01685393258427,41.56036285800182,-7.983626244495507e-17,0.9999999997656622
